srcMac| dstMac| ethType| srcIp| dstIp| ipProto| srcPort| dstPort,,| dstPort|cache control|server|response phrase|response version|unique service name|status code|location|search target,,
null|null|0x0800|192.168.1.240|239.255.255.250|17|50000|1900,,|null|null|null|null|null|null|null|null|null
null|null|0x0800|192.168.1.240|239.255.255.250|17|50000|1900,,|null|null|null|null|null|null|null|null|null
null|null|0x0800|192.168.1.240|239.255.255.250|17|50000|1900,,|null|null|null|null|null|null|null|null|null
null|null|0x0800|192.168.1.240|239.255.255.250|17|50000|1900,,|null|null|null|null|null|null|null|null|null
null|null|0x0800|192.168.1.159|192.168.1.239|17|1900|null|50000|max-age=100|Linux/3.14.0 UPnP/1.0 IpBridge/1.15.0|OK|HTTP/1.1|uuid:2f402f80-da50-11e1-9b23-0017882b9a25::upnp:rootdevice|200.0|http://192.168.1.159:80/description.xml|upnp:rootdevice,,
null|null|0x0800|192.168.1.240|239.255.255.250|17|50000|null|1900,,|null|null|null|null|null|null|null|null
null|null|0x0800|192.168.1.239|239.255.255.250|17|50000|null|1900,,|null|null|null|null|null|null|null|null
null|null|0x0800|192.168.1.159|192.168.1.239|17|1900|null|50000|max-age=100|Linux/3.14.0 UPnP/1.0 IpBridge/1.15.0|OK|HTTP/1.1|uuid:2f402f80-da50-11e1-9b23-0017882b9a25::upnp:rootdevice|200.0|http://192.168.1.159:80/description.xml|upnp:rootdevice,,
null|null|0x0800|192.168.1.239|239.255.255.250|17|50000|null|1900,,|null|null|null|null|null|null|null|null
null|null|0x0800|192.168.1.159|192.168.1.239|17|1900|null|50000|max-age=100|Linux/3.14.0 UPnP/1.0 IpBridge/1.15.0|OK|HTTP/1.1|uuid:2f402f80-da50-11e1-9b23-0017882b9a25::upnp:rootdevice|200.0|http://192.168.1.159:80/description.xml|upnp:rootdevice,,
null|null|0x0800|192.168.1.239|239.255.255.250|17|50000|null|1900,,|null|null|null|null|null|null|null|null
null|null|0x0800|192.168.1.165|192.168.1.239|17|40771|null|50000|max-age=86400|Unspecified, UPnP/1.0, Unspecified|OK|HTTP/1.1|uuid:NetCamSensor-1_0-321401V01CE5A8::urn:Belkin:device:**|200.0|http://192.168.1.165:49154/setup.xml|urn:Belkin:device:**,,
null|null|0x0800|192.168.1.165|192.168.1.239|17|57526|null|50000|max-age=86400|Unspecified, UPnP/1.0, Unspecified|OK|HTTP/1.1|uuid:NetCamSensor-1_0-321401V01CE5A8::urn:Belkin:device:**|200.0|http://192.168.1.165:49153/setup.xml|urn:Belkin:device:**,,
null|null|0x0800|192.168.1.165|192.168.1.239|17|56589|null|50000|max-age=86400|Unspecified, UPnP/1.0, Unspecified|OK|HTTP/1.1|uuid:NetCamSensor-1_0-321401V01CE5A8::urn:Belkin:device:**|200.0|http://192.168.1.165:49154/setup.xml|urn:Belkin:device:**,,
null|null|0x0800|192.168.1.165|192.168.1.239|17|42559|null|50000|max-age=86400|Unspecified, UPnP/1.0, Unspecified|OK|HTTP/1.1|uuid:NetCamSensor-1_0-321401V01CE5A8::urn:Belkin:device:**|200.0|http://192.168.1.165:49154/setup.xml|urn:Belkin:device:**,,
null|null|0x0800|192.168.1.165|192.168.1.239|17|39524|null|50000|max-age=86400|Unspecified, UPnP/1.0, Unspecified|OK|HTTP/1.1|uuid:NetCamSensor-1_0-321401V01CE5A8::urn:Belkin:device:**|200.0|http://192.168.1.165:49154/setup.xml|urn:Belkin:device:**,,
null|null|0x0800|192.168.1.165|192.168.1.239|17|48034|null|50000|max-age=86400|Unspecified, UPnP/1.0, Unspecified|OK|HTTP/1.1|uuid:NetCamSensor-1_0-321401V01CE5A8::urn:Belkin:device:**|200.0|http://192.168.1.165:49154/setup.xml|urn:Belkin:device:**,,
null|null|0x0800|192.168.1.165|192.168.1.239|17|51683|null|50000|max-age=86400|Unspecified, UPnP/1.0, Unspecified|OK|HTTP/1.1|uuid:NetCamSensor-1_0-321401V01CE5A8::urn:Belkin:device:**|200.0|http://192.168.1.165:49154/setup.xml|urn:Belkin:device:**,,
null|null|0x0800|192.168.1.165|192.168.1.239|17|51422|null|50000|max-age=86400|Unspecified, UPnP/1.0, Unspecified|OK|HTTP/1.1|uuid:NetCamSensor-1_0-321401V01CE5A8::urn:Belkin:device:**|200.0|http://192.168.1.165:49154/setup.xml|urn:Belkin:device:**,,
null|null|0x0800|192.168.1.165|192.168.1.239|17|58719|null|50000|max-age=86400|Unspecified, UPnP/1.0, Unspecified|OK|HTTP/1.1|uuid:NetCamSensor-1_0-321401V01CE5A8::urn:Belkin:device:**|200.0|http://192.168.1.165:49154/setup.xml|urn:Belkin:device:**,,
null|null|0x0800|192.168.1.165|192.168.1.239|17|34612|null|50000|max-age=86400|Unspecified, UPnP/1.0, Unspecified|OK|HTTP/1.1|uuid:NetCamSensor-1_0-321401V01CE5A8::urn:Belkin:device:**|200.0|http://192.168.1.165:49154/setup.xml|urn:Belkin:device:**,,
null|null|0x0800|192.168.1.165|192.168.1.239|17|57535|null|50000|max-age=86400|Unspecified, UPnP/1.0, Unspecified|OK|HTTP/1.1|uuid:NetCamSensor-1_0-321401V01CE5A8::urn:Belkin:device:**|200.0|http://192.168.1.165:49154/setup.xml|urn:Belkin:device:**,,
null|null|0x0800|192.168.1.165|192.168.1.239|17|39668|null|50000|max-age=86400|Unspecified, UPnP/1.0, Unspecified|OK|HTTP/1.1|uuid:NetCamSensor-1_0-321401V01CE5A8::urn:Belkin:device:**|200.0|http://192.168.1.165:49154/setup.xml|urn:Belkin:device:**,,
null|null|0x0800|192.168.1.165|192.168.1.239|17|32826|null|50000|max-age=86400|Unspecified, UPnP/1.0, Unspecified|OK|HTTP/1.1|uuid:NetCamSensor-1_0-321401V01CE5A8::urn:Belkin:device:**|200.0|http://192.168.1.165:49153/setup.xml|urn:Belkin:device:**,,
null|null|0x0800|192.168.1.165|192.168.1.239|17|59573|null|50000|max-age=86400|Unspecified, UPnP/1.0, Unspecified|OK|HTTP/1.1|uuid:NetCamSensor-1_0-321401V01CE5A8::urn:Belkin:device:**|200.0|http://192.168.1.165:49154/setup.xml|urn:Belkin:device:**,,
null|null|0x0800|192.168.1.165|192.168.1.239|17|45423|null|50000|max-age=86400|Unspecified, UPnP/1.0, Unspecified|OK|HTTP/1.1|uuid:NetCamSensor-1_0-321401V01CE5A8::urn:Belkin:device:**|200.0|http://192.168.1.165:49154/setup.xml|urn:Belkin:device:**,,
null|null|0x0800|192.168.1.165|192.168.1.239|17|45556|null|50000|max-age=86400|Unspecified, UPnP/1.0, Unspecified|OK|HTTP/1.1|uuid:NetCamSensor-1_0-321401V01CE5A8::urn:Belkin:device:**|200.0|http://192.168.1.165:49154/setup.xml|urn:Belkin:device:**,,
null|null|0x0800|192.168.1.165|192.168.1.239|17|37628|null|50000|max-age=86400|Unspecified, UPnP/1.0, Unspecified|OK|HTTP/1.1|uuid:NetCamSensor-1_0-321401V01CE5A8::urn:Belkin:device:**|200.0|http://192.168.1.165:49153/setup.xml|urn:Belkin:device:**,,
null|null|0x0800|192.168.1.165|192.168.1.239|17|48181|null|50000|max-age=86400|Unspecified, UPnP/1.0, Unspecified|OK|HTTP/1.1|uuid:NetCamSensor-1_0-321401V01CE5A8::urn:Belkin:device:**|200.0|http://192.168.1.165:49154/setup.xml|urn:Belkin:device:**,,
null|null|0x0800|192.168.1.165|192.168.1.239|17|35094|null|50000|max-age=86400|Unspecified, UPnP/1.0, Unspecified|OK|HTTP/1.1|uuid:NetCamSensor-1_0-321401V01CE5A8::urn:Belkin:device:**|200.0|http://192.168.1.165:49154/setup.xml|urn:Belkin:device:**,,
null|null|0x0800|192.168.1.165|192.168.1.239|17|49000|null|50000|max-age=86400|Unspecified, UPnP/1.0, Unspecified|OK|HTTP/1.1|uuid:NetCamSensor-1_0-321401V01CE5A8::urn:Belkin:device:**|200.0|http://192.168.1.165:49154/setup.xml|urn:Belkin:device:**,,
null|null|0x0800|192.168.1.165|192.168.1.239|17|37767|null|50000|max-age=86400|Unspecified, UPnP/1.0, Unspecified|OK|HTTP/1.1|uuid:NetCamSensor-1_0-321401V01CE5A8::urn:Belkin:device:**|200.0|http://192.168.1.165:49154/setup.xml|urn:Belkin:device:**,,
null|null|0x0800|192.168.1.165|192.168.1.239|17|33041|null|50000|max-age=86400|Unspecified, UPnP/1.0, Unspecified|OK|HTTP/1.1|uuid:NetCamSensor-1_0-321401V01CE5A8::urn:Belkin:device:**|200.0|http://192.168.1.165:49154/setup.xml|urn:Belkin:device:**,,
null|null|0x0800|192.168.1.159|192.168.1.239|17|1900|null|50000|max-age=100|Linux/3.14.0 UPnP/1.0 IpBridge/1.15.0|OK|HTTP/1.1|uuid:2f402f80-da50-11e1-9b23-0017882b9a25::upnp:rootdevice|200.0|http://192.168.1.159:80/description.xml|upnp:rootdevice,,
null|null|0x0800|192.168.1.165|192.168.1.239|17|33524|null|50000|max-age=86400|Unspecified, UPnP/1.0, Unspecified|OK|HTTP/1.1|uuid:NetCamSensor-1_0-321401V01CE5A8::urn:Belkin:device:**|200.0|http://192.168.1.165:49154/setup.xml|urn:Belkin:device:**,,
null|null|0x0800|192.168.1.165|192.168.1.239|17|43655|null|50000|max-age=86400|Unspecified, UPnP/1.0, Unspecified|OK|HTTP/1.1|uuid:NetCamSensor-1_0-321401V01CE5A8::urn:Belkin:device:**|200.0|http://192.168.1.165:49154/setup.xml|urn:Belkin:device:**,,
null|null|0x0800|192.168.1.165|192.168.1.239|17|55286|null|50000|max-age=86400|Unspecified, UPnP/1.0, Unspecified|OK|HTTP/1.1|uuid:NetCamSensor-1_0-321401V01CE5A8::urn:Belkin:device:**|200.0|http://192.168.1.165:49154/setup.xml|urn:Belkin:device:**,,
null|null|0x0800|192.168.1.165|192.168.1.239|17|52171|null|50000|max-age=86400|Unspecified, UPnP/1.0, Unspecified|OK|HTTP/1.1|uuid:NetCamSensor-1_0-321401V01CE5A8::urn:Belkin:device:**|200.0|http://192.168.1.165:49154/setup.xml|urn:Belkin:device:**,,
null|null|0x0800|192.168.1.165|192.168.1.239|17|41612|null|50000|max-age=86400|Unspecified, UPnP/1.0, Unspecified|OK|HTTP/1.1|uuid:NetCamSensor-1_0-321401V01CE5A8::urn:Belkin:device:**|200.0|http://192.168.1.165:49154/setup.xml|urn:Belkin:device:**,,
null|null|0x0800|192.168.1.165|192.168.1.239|17|38542|null|50000|max-age=86400|Unspecified, UPnP/1.0, Unspecified|OK|HTTP/1.1|uuid:NetCamSensor-1_0-321401V01CE5A8::urn:Belkin:device:**|200.0|http://192.168.1.165:49153/setup.xml|urn:Belkin:device:**,,
null|null|0x0800|192.168.1.165|192.168.1.239|17|40375|null|50000|max-age=86400|Unspecified, UPnP/1.0, Unspecified|OK|HTTP/1.1|uuid:NetCamSensor-1_0-321401V01CE5A8::urn:Belkin:device:**|200.0|http://192.168.1.165:49154/setup.xml|urn:Belkin:device:**,,
null|null|0x0800|192.168.1.165|192.168.1.239|17|53559|null|50000|max-age=86400|Unspecified, UPnP/1.0, Unspecified|OK|HTTP/1.1|uuid:NetCamSensor-1_0-321401V01CE5A8::urn:Belkin:device:**|200.0|http://192.168.1.165:49154/setup.xml|urn:Belkin:device:**,,
null|null|0x0800|192.168.1.240|239.255.255.250|17|50000|null|1900,,|null|null|null|null|null|null|null|null
null|null|0x0800|192.168.1.239|239.255.255.250|17|50000|null|1900,,|null|null|null|null|null|null|null|null
null|null|0x0800|192.168.1.165|192.168.1.239|17|48746|null|50000|max-age=86400|Unspecified, UPnP/1.0, Unspecified|OK|HTTP/1.1|uuid:NetCamSensor-1_0-321401V01CE5A8::urn:Belkin:device:**|200.0|http://192.168.1.165:49154/setup.xml|urn:Belkin:device:**,,
null|null|0x0800|192.168.1.165|192.168.1.239|17|52374|null|50000|max-age=86400|Unspecified, UPnP/1.0, Unspecified|OK|HTTP/1.1|uuid:NetCamSensor-1_0-321401V01CE5A8::urn:Belkin:device:**|200.0|http://192.168.1.165:49154/setup.xml|urn:Belkin:device:**,,
null|null|0x0800|192.168.1.165|192.168.1.239|17|54282|null|50000|max-age=86400|Unspecified, UPnP/1.0, Unspecified|OK|HTTP/1.1|uuid:NetCamSensor-1_0-321401V01CE5A8::urn:Belkin:device:**|200.0|http://192.168.1.165:49154/setup.xml|urn:Belkin:device:**,,
null|null|0x0800|192.168.1.165|192.168.1.239|17|58204|null|50000|max-age=86400|Unspecified, UPnP/1.0, Unspecified|OK|HTTP/1.1|uuid:NetCamSensor-1_0-321401V01CE5A8::urn:Belkin:device:**|200.0|http://192.168.1.165:49154/setup.xml|urn:Belkin:device:**,,
null|null|0x0800|192.168.1.165|192.168.1.239|17|38910|null|50000|max-age=86400|Unspecified, UPnP/1.0, Unspecified|OK|HTTP/1.1|uuid:NetCamSensor-1_0-321401V01CE5A8::urn:Belkin:device:**|200.0|http://192.168.1.165:49153/setup.xml|urn:Belkin:device:**,,
null|null|0x0800|192.168.1.165|192.168.1.239|17|56433|null|50000|max-age=86400|Unspecified, UPnP/1.0, Unspecified|OK|HTTP/1.1|uuid:NetCamSensor-1_0-321401V01CE5A8::urn:Belkin:device:**|200.0|http://192.168.1.165:49154/setup.xml|urn:Belkin:device:**,,
null|null|0x0800|192.168.1.165|192.168.1.239|17|45163|null|50000|max-age=86400|Unspecified, UPnP/1.0, Unspecified|OK|HTTP/1.1|uuid:NetCamSensor-1_0-321401V01CE5A8::urn:Belkin:device:**|200.0|http://192.168.1.165:49153/setup.xml|urn:Belkin:device:**,,
null|null|0x0800|192.168.1.165|192.168.1.239|17|47693|null|50000|max-age=86400|Unspecified, UPnP/1.0, Unspecified|OK|HTTP/1.1|uuid:NetCamSensor-1_0-321401V01CE5A8::urn:Belkin:device:**|200.0|http://192.168.1.165:49154/setup.xml|urn:Belkin:device:**,,
null|null|0x0800|192.168.1.165|192.168.1.239|17|42669|null|50000|max-age=86400|Unspecified, UPnP/1.0, Unspecified|OK|HTTP/1.1|uuid:NetCamSensor-1_0-321401V01CE5A8::urn:Belkin:device:**|200.0|http://192.168.1.165:49154/setup.xml|urn:Belkin:device:**,,
null|null|0x0800|192.168.1.165|192.168.1.239|17|40398|null|50000|max-age=86400|Unspecified, UPnP/1.0, Unspecified|OK|HTTP/1.1|uuid:NetCamSensor-1_0-321401V01CE5A8::urn:Belkin:device:**|200.0|http://192.168.1.165:49154/setup.xml|urn:Belkin:device:**,,
null|null|0x0800|192.168.1.165|192.168.1.239|17|41200|null|50000|max-age=86400|Unspecified, UPnP/1.0, Unspecified|OK|HTTP/1.1|uuid:NetCamSensor-1_0-321401V01CE5A8::urn:Belkin:device:**|200.0|http://192.168.1.165:49154/setup.xml|urn:Belkin:device:**,,
null|null|0x0800|192.168.1.165|192.168.1.239|17|55847|null|50000|max-age=86400|Unspecified, UPnP/1.0, Unspecified|OK|HTTP/1.1|uuid:NetCamSensor-1_0-321401V01CE5A8::urn:Belkin:device:**|200.0|http://192.168.1.165:49154/setup.xml|urn:Belkin:device:**,,
null|null|0x0800|192.168.1.165|192.168.1.239|17|41826|null|50000|max-age=86400|Unspecified, UPnP/1.0, Unspecified|OK|HTTP/1.1|uuid:NetCamSensor-1_0-321401V01CE5A8::urn:Belkin:device:**|200.0|http://192.168.1.165:49154/setup.xml|urn:Belkin:device:**,,
null|null|0x0800|192.168.1.165|192.168.1.239|17|49481|null|50000|max-age=86400|Unspecified, UPnP/1.0, Unspecified|OK|HTTP/1.1|uuid:NetCamSensor-1_0-321401V01CE5A8::urn:Belkin:device:**|200.0|http://192.168.1.165:49154/setup.xml|urn:Belkin:device:**,,
null|null|0x0800|192.168.1.165|192.168.1.239|17|38922|null|50000|max-age=86400|Unspecified, UPnP/1.0, Unspecified|OK|HTTP/1.1|uuid:NetCamSensor-1_0-321401V01CE5A8::urn:Belkin:device:**|200.0|http://192.168.1.165:49154/setup.xml|urn:Belkin:device:**,,
null|null|0x0800|192.168.1.165|192.168.1.239|17|53573|null|50000|max-age=86400|Unspecified, UPnP/1.0, Unspecified|OK|HTTP/1.1|uuid:NetCamSensor-1_0-321401V01CE5A8::urn:Belkin:device:**|200.0|http://192.168.1.165:49154/setup.xml|urn:Belkin:device:**,,
null|null|0x0800|192.168.1.165|192.168.1.239|17|49840|null|50000|max-age=86400|Unspecified, UPnP/1.0, Unspecified|OK|HTTP/1.1|uuid:NetCamSensor-1_0-321401V01CE5A8::urn:Belkin:device:**|200.0|http://192.168.1.165:49153/setup.xml|urn:Belkin:device:**,,
null|null|0x0800|192.168.1.165|192.168.1.239|17|40013|null|50000|max-age=86400|Unspecified, UPnP/1.0, Unspecified|OK|HTTP/1.1|uuid:NetCamSensor-1_0-321401V01CE5A8::urn:Belkin:device:**|200.0|http://192.168.1.165:49154/setup.xml|urn:Belkin:device:**,,
null|null|0x0800|192.168.1.165|192.168.1.239|17|48297|null|50000|max-age=86400|Unspecified, UPnP/1.0, Unspecified|OK|HTTP/1.1|uuid:NetCamSensor-1_0-321401V01CE5A8::urn:Belkin:device:**|200.0|http://192.168.1.165:49154/setup.xml|urn:Belkin:device:**,,
null|null|0x0800|192.168.1.165|192.168.1.239|17|55726|null|50000|max-age=86400|Unspecified, UPnP/1.0, Unspecified|OK|HTTP/1.1|uuid:NetCamSensor-1_0-321401V01CE5A8::urn:Belkin:device:**|200.0|http://192.168.1.165:49154/setup.xml|urn:Belkin:device:**,,
null|null|0x0800|192.168.1.165|192.168.1.239|17|45797|null|50000|max-age=86400|Unspecified, UPnP/1.0, Unspecified|OK|HTTP/1.1|uuid:NetCamSensor-1_0-321401V01CE5A8::urn:Belkin:device:**|200.0|http://192.168.1.165:49154/setup.xml|urn:Belkin:device:**,,
null|null|0x0800|192.168.1.165|192.168.1.239|17|36181|null|50000|max-age=86400|Unspecified, UPnP/1.0, Unspecified|OK|HTTP/1.1|uuid:NetCamSensor-1_0-321401V01CE5A8::urn:Belkin:device:**|200.0|http://192.168.1.165:49154/setup.xml|urn:Belkin:device:**,,
null|null|0x0800|192.168.1.165|192.168.1.239|17|58482|null|50000|max-age=86400|Unspecified, UPnP/1.0, Unspecified|OK|HTTP/1.1|uuid:NetCamSensor-1_0-321401V01CE5A8::urn:Belkin:device:**|200.0|http://192.168.1.165:49154/setup.xml|urn:Belkin:device:**,,
null|null|0x0800|192.168.1.165|192.168.1.239|17|41400|null|50000|max-age=86400|Unspecified, UPnP/1.0, Unspecified|OK|HTTP/1.1|uuid:NetCamSensor-1_0-321401V01CE5A8::urn:Belkin:device:**|200.0|http://192.168.1.165:49154/setup.xml|urn:Belkin:device:**,,
null|null|0x0800|192.168.1.165|192.168.1.239|17|57963|null|50000|max-age=86400|Unspecified, UPnP/1.0, Unspecified|OK|HTTP/1.1|uuid:NetCamSensor-1_0-321401V01CE5A8::urn:Belkin:device:**|200.0|http://192.168.1.165:49154/setup.xml|urn:Belkin:device:**,,
null|null|0x0800|192.168.1.165|192.168.1.239|17|37695|null|50000|max-age=86400|Unspecified, UPnP/1.0, Unspecified|OK|HTTP/1.1|uuid:NetCamSensor-1_0-321401V01CE5A8::urn:Belkin:device:**|200.0|http://192.168.1.165:49154/setup.xml|urn:Belkin:device:**,,
null|null|0x0800|192.168.1.165|192.168.1.239|17|58679|null|50000|max-age=86400|Unspecified, UPnP/1.0, Unspecified|OK|HTTP/1.1|uuid:NetCamSensor-1_0-321401V01CE5A8::urn:Belkin:device:**|200.0|http://192.168.1.165:49154/setup.xml|urn:Belkin:device:**,,
null|null|0x0800|192.168.1.165|192.168.1.239|17|45105|null|50000|max-age=86400|Unspecified, UPnP/1.0, Unspecified|OK|HTTP/1.1|uuid:NetCamSensor-1_0-321401V01CE5A8::urn:Belkin:device:**|200.0|http://192.168.1.165:49154/setup.xml|urn:Belkin:device:**,,
null|null|0x0800|192.168.1.165|192.168.1.239|17|52814|null|50000|max-age=86400|Unspecified, UPnP/1.0, Unspecified|OK|HTTP/1.1|uuid:NetCamSensor-1_0-321401V01CE5A8::urn:Belkin:device:**|200.0|http://192.168.1.165:49154/setup.xml|urn:Belkin:device:**,,
null|null|0x0800|192.168.1.165|192.168.1.239|17|54370|null|50000|max-age=86400|Unspecified, UPnP/1.0, Unspecified|OK|HTTP/1.1|uuid:NetCamSensor-1_0-321401V01CE5A8::urn:Belkin:device:**|200.0|http://192.168.1.165:49154/setup.xml|urn:Belkin:device:**,,
null|null|0x0800|192.168.1.165|192.168.1.239|17|57224|null|50000|max-age=86400|Unspecified, UPnP/1.0, Unspecified|OK|HTTP/1.1|uuid:NetCamSensor-1_0-321401V01CE5A8::urn:Belkin:device:**|200.0|http://192.168.1.165:49153/setup.xml|urn:Belkin:device:**,,
null|null|0x0800|192.168.1.165|192.168.1.239|17|40701|null|50000|max-age=86400|Unspecified, UPnP/1.0, Unspecified|OK|HTTP/1.1|uuid:NetCamSensor-1_0-321401V01CE5A8::urn:Belkin:device:**|200.0|http://192.168.1.165:49153/setup.xml|urn:Belkin:device:**,,
null|null|0x0800|192.168.1.165|192.168.1.239|17|38162|null|50000|max-age=86400|Unspecified, UPnP/1.0, Unspecified|OK|HTTP/1.1|uuid:NetCamSensor-1_0-321401V01CE5A8::urn:Belkin:device:**|200.0|http://192.168.1.165:49154/setup.xml|urn:Belkin:device:**,,
null|null|0x0800|192.168.1.165|192.168.1.239|17|54105|null|50000|max-age=86400|Unspecified, UPnP/1.0, Unspecified|OK|HTTP/1.1|uuid:NetCamSensor-1_0-321401V01CE5A8::urn:Belkin:device:**|200.0|http://192.168.1.165:49153/setup.xml|urn:Belkin:device:**,,
null|null|0x0800|192.168.1.165|192.168.1.239|17|49073|null|50000|max-age=86400|Unspecified, UPnP/1.0, Unspecified|OK|HTTP/1.1|uuid:NetCamSensor-1_0-321401V01CE5A8::urn:Belkin:device:**|200.0|http://192.168.1.165:49154/setup.xml|urn:Belkin:device:**,,
null|null|0x0800|192.168.1.165|192.168.1.239|17|56786|null|50000|max-age=86400|Unspecified, UPnP/1.0, Unspecified|OK|HTTP/1.1|uuid:NetCamSensor-1_0-321401V01CE5A8::urn:Belkin:device:**|200.0|http://192.168.1.165:49154/setup.xml|urn:Belkin:device:**,,
null|null|0x0800|192.168.1.165|192.168.1.239|17|59150|null|50000|max-age=86400|Unspecified, UPnP/1.0, Unspecified|OK|HTTP/1.1|uuid:NetCamSensor-1_0-321401V01CE5A8::urn:Belkin:device:**|200.0|http://192.168.1.165:49154/setup.xml|urn:Belkin:device:**,,
null|null|0x0800|192.168.1.165|192.168.1.239|17|41908|null|50000|max-age=86400|Unspecified, UPnP/1.0, Unspecified|OK|HTTP/1.1|uuid:NetCamSensor-1_0-321401V01CE5A8::urn:Belkin:device:**|200.0|http://192.168.1.165:49153/setup.xml|urn:Belkin:device:**,,
null|null|0x0800|192.168.1.165|192.168.1.239|17|60014|null|50000|max-age=86400|Unspecified, UPnP/1.0, Unspecified|OK|HTTP/1.1|uuid:NetCamSensor-1_0-321401V01CE5A8::urn:Belkin:device:**|200.0|http://192.168.1.165:49154/setup.xml|urn:Belkin:device:**,,
null|null|0x0800|192.168.1.165|192.168.1.239|17|54606|null|50000|max-age=86400|Unspecified, UPnP/1.0, Unspecified|OK|HTTP/1.1|uuid:NetCamSensor-1_0-321401V01CE5A8::urn:Belkin:device:**|200.0|http://192.168.1.165:49153/setup.xml|urn:Belkin:device:**,,
null|null|0x0800|192.168.1.165|192.168.1.239|17|59504|null|50000|max-age=86400|Unspecified, UPnP/1.0, Unspecified|OK|HTTP/1.1|uuid:NetCamSensor-1_0-321401V01CE5A8::urn:Belkin:device:**|200.0|http://192.168.1.165:49154/setup.xml|urn:Belkin:device:**,,
null|null|0x0800|192.168.1.165|192.168.1.239|17|44542|null|50000|max-age=86400|Unspecified, UPnP/1.0, Unspecified|OK|HTTP/1.1|uuid:NetCamSensor-1_0-321401V01CE5A8::urn:Belkin:device:**|200.0|http://192.168.1.165:49154/setup.xml|urn:Belkin:device:**,,
null|null|0x0800|192.168.1.165|192.168.1.239|17|39370|null|50000|max-age=86400|Unspecified, UPnP/1.0, Unspecified|OK|HTTP/1.1|uuid:NetCamSensor-1_0-321401V01CE5A8::urn:Belkin:device:**|200.0|http://192.168.1.165:49154/setup.xml|urn:Belkin:device:**,,
null|null|0x0800|192.168.1.165|192.168.1.239|17|43341|null|50000|max-age=86400|Unspecified, UPnP/1.0, Unspecified|OK|HTTP/1.1|uuid:NetCamSensor-1_0-321401V01CE5A8::urn:Belkin:device:**|200.0|http://192.168.1.165:49154/setup.xml|urn:Belkin:device:**,,
null|null|0x0800|192.168.1.165|192.168.1.239|17|52961|null|50000|max-age=86400|Unspecified, UPnP/1.0, Unspecified|OK|HTTP/1.1|uuid:NetCamSensor-1_0-321401V01CE5A8::urn:Belkin:device:**|200.0|http://192.168.1.165:49154/setup.xml|urn:Belkin:device:**,,
null|null|0x0800|192.168.1.165|192.168.1.239|17|56174|null|50000|max-age=86400|Unspecified, UPnP/1.0, Unspecified|OK|HTTP/1.1|uuid:NetCamSensor-1_0-321401V01CE5A8::urn:Belkin:device:**|200.0|http://192.168.1.165:49153/setup.xml|urn:Belkin:device:**,,
null|null|0x0800|192.168.1.165|192.168.1.239|17|47799|null|50000|max-age=86400|Unspecified, UPnP/1.0, Unspecified|OK|HTTP/1.1|uuid:NetCamSensor-1_0-321401V01CE5A8::urn:Belkin:device:**|200.0|http://192.168.1.165:49154/setup.xml|urn:Belkin:device:**,,
null|null|0x0800|192.168.1.165|192.168.1.239|17|34407|null|50000|max-age=86400|Unspecified, UPnP/1.0, Unspecified|OK|HTTP/1.1|uuid:NetCamSensor-1_0-321401V01CE5A8::urn:Belkin:device:**|200.0|http://192.168.1.165:49154/setup.xml|urn:Belkin:device:**,,
null|null|0x0800|192.168.1.165|192.168.1.239|17|41751|null|50000|max-age=86400|Unspecified, UPnP/1.0, Unspecified|OK|HTTP/1.1|uuid:NetCamSensor-1_0-321401V01CE5A8::urn:Belkin:device:**|200.0|http://192.168.1.165:49154/setup.xml|urn:Belkin:device:**,,
null|null|0x0800|192.168.1.165|192.168.1.239|17|51953|null|50000|max-age=86400|Unspecified, UPnP/1.0, Unspecified|OK|HTTP/1.1|uuid:NetCamSensor-1_0-321401V01CE5A8::urn:Belkin:device:**|200.0|http://192.168.1.165:49154/setup.xml|urn:Belkin:device:**,,
null|null|0x0800|192.168.1.165|192.168.1.239|17|42204|null|50000|max-age=86400|Unspecified, UPnP/1.0, Unspecified|OK|HTTP/1.1|uuid:NetCamSensor-1_0-321401V01CE5A8::urn:Belkin:device:**|200.0|http://192.168.1.165:49154/setup.xml|urn:Belkin:device:**,,
null|null|0x0800|192.168.1.165|192.168.1.239|17|34358|null|50000|max-age=86400|Unspecified, UPnP/1.0, Unspecified|OK|HTTP/1.1|uuid:NetCamSensor-1_0-321401V01CE5A8::urn:Belkin:device:**|200.0|http://192.168.1.165:49153/setup.xml|urn:Belkin:device:**,,
null|null|0x0800|192.168.1.165|192.168.1.239|17|34224|null|50000|max-age=86400|Unspecified, UPnP/1.0, Unspecified|OK|HTTP/1.1|uuid:NetCamSensor-1_0-321401V01CE5A8::urn:Belkin:device:**|200.0|http://192.168.1.165:49153/setup.xml|urn:Belkin:device:**,,
null|null|0x0800|192.168.1.165|192.168.1.239|17|32923|null|50000|max-age=86400|Unspecified, UPnP/1.0, Unspecified|OK|HTTP/1.1|uuid:NetCamSensor-1_0-321401V01CE5A8::urn:Belkin:device:**|200.0|http://192.168.1.165:49154/setup.xml|urn:Belkin:device:**,,
null|null|0x0800|192.168.1.165|192.168.1.239|17|48915|null|50000|max-age=86400|Unspecified, UPnP/1.0, Unspecified|OK|HTTP/1.1|uuid:NetCamSensor-1_0-321401V01CE5A8::urn:Belkin:device:**|200.0|http://192.168.1.165:49154/setup.xml|urn:Belkin:device:**,,
null|null|0x0800|192.168.1.165|192.168.1.239|17|50394|null|50000|max-age=86400|Unspecified, UPnP/1.0, Unspecified|OK|HTTP/1.1|uuid:NetCamSensor-1_0-321401V01CE5A8::urn:Belkin:device:**|200.0|http://192.168.1.165:49154/setup.xml|urn:Belkin:device:**,,
null|null|0x0800|192.168.1.165|192.168.1.239|17|57077|null|50000|max-age=86400|Unspecified, UPnP/1.0, Unspecified|OK|HTTP/1.1|uuid:NetCamSensor-1_0-321401V01CE5A8::urn:Belkin:device:**|200.0|http://192.168.1.165:49154/setup.xml|urn:Belkin:device:**,,
null|null|0x0800|192.168.1.165|192.168.1.239|17|48315|null|50000|max-age=86400|Unspecified, UPnP/1.0, Unspecified|OK|HTTP/1.1|uuid:NetCamSensor-1_0-321401V01CE5A8::urn:Belkin:device:**|200.0|http://192.168.1.165:49154/setup.xml|urn:Belkin:device:**,,
null|null|0x0800|192.168.1.165|192.168.1.239|17|60814|null|50000|max-age=86400|Unspecified, UPnP/1.0, Unspecified|OK|HTTP/1.1|uuid:NetCamSensor-1_0-321401V01CE5A8::urn:Belkin:device:**|200.0|http://192.168.1.165:49154/setup.xml|urn:Belkin:device:**,,
null|null|0x0800|192.168.1.165|192.168.1.239|17|36461|null|50000|max-age=86400|Unspecified, UPnP/1.0, Unspecified|OK|HTTP/1.1|uuid:NetCamSensor-1_0-321401V01CE5A8::urn:Belkin:device:**|200.0|http://192.168.1.165:49154/setup.xml|urn:Belkin:device:**,,
null|null|0x0800|192.168.1.165|192.168.1.239|17|45815|null|50000|max-age=86400|Unspecified, UPnP/1.0, Unspecified|OK|HTTP/1.1|uuid:NetCamSensor-1_0-321401V01CE5A8::urn:Belkin:device:**|200.0|http://192.168.1.165:49154/setup.xml|urn:Belkin:device:**,,
null|null|0x0800|192.168.1.165|192.168.1.239|17|58516|null|50000|max-age=86400|Unspecified, UPnP/1.0, Unspecified|OK|HTTP/1.1|uuid:NetCamSensor-1_0-321401V01CE5A8::urn:Belkin:device:**|200.0|http://192.168.1.165:49153/setup.xml|urn:Belkin:device:**,,
null|null|0x0800|192.168.1.165|192.168.1.239|17|57444|null|50000|max-age=86400|Unspecified, UPnP/1.0, Unspecified|OK|HTTP/1.1|uuid:NetCamSensor-1_0-321401V01CE5A8::urn:Belkin:device:**|200.0|http://192.168.1.165:49154/setup.xml|urn:Belkin:device:**,,
null|null|0x0800|192.168.1.165|192.168.1.239|17|42486|null|50000|max-age=86400|Unspecified, UPnP/1.0, Unspecified|OK|HTTP/1.1|uuid:NetCamSensor-1_0-321401V01CE5A8::urn:Belkin:device:**|200.0|http://192.168.1.165:49154/setup.xml|urn:Belkin:device:**,,
null|null|0x0800|192.168.1.165|192.168.1.239|17|58157|null|50000|max-age=86400|Unspecified, UPnP/1.0, Unspecified|OK|HTTP/1.1|uuid:NetCamSensor-1_0-321401V01CE5A8::urn:Belkin:device:**|200.0|http://192.168.1.165:49154/setup.xml|urn:Belkin:device:**,,
null|null|0x0800|192.168.1.165|192.168.1.239|17|54326|null|50000|max-age=86400|Unspecified, UPnP/1.0, Unspecified|OK|HTTP/1.1|uuid:NetCamSensor-1_0-321401V01CE5A8::urn:Belkin:device:**|200.0|http://192.168.1.165:49154/setup.xml|urn:Belkin:device:**,,
null|null|0x0800|192.168.1.165|192.168.1.239|17|44131|null|50000|max-age=86400|Unspecified, UPnP/1.0, Unspecified|OK|HTTP/1.1|uuid:NetCamSensor-1_0-321401V01CE5A8::urn:Belkin:device:**|200.0|http://192.168.1.165:49154/setup.xml|urn:Belkin:device:**,,
null|null|0x0800|192.168.1.165|192.168.1.239|17|51340|null|50000|max-age=86400|Unspecified, UPnP/1.0, Unspecified|OK|HTTP/1.1|uuid:NetCamSensor-1_0-321401V01CE5A8::urn:Belkin:device:**|200.0|http://192.168.1.165:49153/setup.xml|urn:Belkin:device:**,,
null|null|0x0800|192.168.1.165|192.168.1.239|17|38124|null|50000|max-age=86400|Unspecified, UPnP/1.0, Unspecified|OK|HTTP/1.1|uuid:NetCamSensor-1_0-321401V01CE5A8::urn:Belkin:device:**|200.0|http://192.168.1.165:49154/setup.xml|urn:Belkin:device:**,,
null|null|0x0800|192.168.1.165|192.168.1.239|17|50513|null|50000|max-age=86400|Unspecified, UPnP/1.0, Unspecified|OK|HTTP/1.1|uuid:NetCamSensor-1_0-321401V01CE5A8::urn:Belkin:device:**|200.0|http://192.168.1.165:49153/setup.xml|urn:Belkin:device:**,,
null|null|0x0800|192.168.1.165|192.168.1.239|17|49525|null|50000|max-age=86400|Unspecified, UPnP/1.0, Unspecified|OK|HTTP/1.1|uuid:NetCamSensor-1_0-321401V01CE5A8::urn:Belkin:device:**|200.0|http://192.168.1.165:49154/setup.xml|urn:Belkin:device:**,,
null|null|0x0800|192.168.1.165|192.168.1.239|17|54959|null|50000|max-age=86400|Unspecified, UPnP/1.0, Unspecified|OK|HTTP/1.1|uuid:NetCamSensor-1_0-321401V01CE5A8::urn:Belkin:device:**|200.0|http://192.168.1.165:49154/setup.xml|urn:Belkin:device:**,,
null|null|0x0800|192.168.1.165|192.168.1.239|17|35530|null|50000|max-age=86400|Unspecified, UPnP/1.0, Unspecified|OK|HTTP/1.1|uuid:NetCamSensor-1_0-321401V01CE5A8::urn:Belkin:device:**|200.0|http://192.168.1.165:49154/setup.xml|urn:Belkin:device:**,,
null|null|0x0800|192.168.1.165|192.168.1.239|17|40572|null|50000|max-age=86400|Unspecified, UPnP/1.0, Unspecified|OK|HTTP/1.1|uuid:NetCamSensor-1_0-321401V01CE5A8::urn:Belkin:device:**|200.0|http://192.168.1.165:49154/setup.xml|urn:Belkin:device:**,,
null|null|0x0800|192.168.1.165|192.168.1.239|17|43555|null|50000|max-age=86400|Unspecified, UPnP/1.0, Unspecified|OK|HTTP/1.1|uuid:NetCamSensor-1_0-321401V01CE5A8::urn:Belkin:device:**|200.0|http://192.168.1.165:49154/setup.xml|urn:Belkin:device:**,,
null|null|0x0800|192.168.1.165|192.168.1.239|17|33263|null|50000|max-age=86400|Unspecified, UPnP/1.0, Unspecified|OK|HTTP/1.1|uuid:NetCamSensor-1_0-321401V01CE5A8::urn:Belkin:device:**|200.0|http://192.168.1.165:49154/setup.xml|urn:Belkin:device:**,,
null|null|0x0800|192.168.1.165|192.168.1.239|17|51357|null|50000|max-age=86400|Unspecified, UPnP/1.0, Unspecified|OK|HTTP/1.1|uuid:NetCamSensor-1_0-321401V01CE5A8::urn:Belkin:device:**|200.0|http://192.168.1.165:49153/setup.xml|urn:Belkin:device:**,,
null|null|0x0800|192.168.1.165|192.168.1.239|17|40801|null|50000|max-age=86400|Unspecified, UPnP/1.0, Unspecified|OK|HTTP/1.1|uuid:NetCamSensor-1_0-321401V01CE5A8::urn:Belkin:device:**|200.0|http://192.168.1.165:49154/setup.xml|urn:Belkin:device:**,,
null|null|0x0800|192.168.1.165|192.168.1.239|17|59104|null|50000|max-age=86400|Unspecified, UPnP/1.0, Unspecified|OK|HTTP/1.1|uuid:NetCamSensor-1_0-321401V01CE5A8::urn:Belkin:device:**|200.0|http://192.168.1.165:49154/setup.xml|urn:Belkin:device:**,,
null|null|0x0800|192.168.1.165|192.168.1.239|17|36962|null|50000|max-age=86400|Unspecified, UPnP/1.0, Unspecified|OK|HTTP/1.1|uuid:NetCamSensor-1_0-321401V01CE5A8::urn:Belkin:device:**|200.0|http://192.168.1.165:49154/setup.xml|urn:Belkin:device:**,,
null|null|0x0800|192.168.1.165|192.168.1.239|17|54468|null|50000|max-age=86400|Unspecified, UPnP/1.0, Unspecified|OK|HTTP/1.1|uuid:NetCamSensor-1_0-321401V01CE5A8::urn:Belkin:device:**|200.0|http://192.168.1.165:49154/setup.xml|urn:Belkin:device:**,,
null|null|0x0800|192.168.1.165|192.168.1.239|17|59606|null|50000|max-age=86400|Unspecified, UPnP/1.0, Unspecified|OK|HTTP/1.1|uuid:NetCamSensor-1_0-321401V01CE5A8::urn:Belkin:device:**|200.0|http://192.168.1.165:49154/setup.xml|urn:Belkin:device:**,,
null|null|0x0800|192.168.1.165|192.168.1.239|17|55554|null|50000|max-age=86400|Unspecified, UPnP/1.0, Unspecified|OK|HTTP/1.1|uuid:NetCamSensor-1_0-321401V01CE5A8::urn:Belkin:device:**|200.0|http://192.168.1.165:49154/setup.xml|urn:Belkin:device:**,,
null|null|0x0800|192.168.1.165|192.168.1.239|17|60353|null|50000|max-age=86400|Unspecified, UPnP/1.0, Unspecified|OK|HTTP/1.1|uuid:NetCamSensor-1_0-321401V01CE5A8::urn:Belkin:device:**|200.0|http://192.168.1.165:49153/setup.xml|urn:Belkin:device:**,,
null|null|0x0800|192.168.1.165|192.168.1.239|17|48827|null|50000|max-age=86400|Unspecified, UPnP/1.0, Unspecified|OK|HTTP/1.1|uuid:NetCamSensor-1_0-321401V01CE5A8::urn:Belkin:device:**|200.0|http://192.168.1.165:49154/setup.xml|urn:Belkin:device:**,,
null|null|0x0800|192.168.1.165|192.168.1.239|17|60226|null|50000|max-age=86400|Unspecified, UPnP/1.0, Unspecified|OK|HTTP/1.1|uuid:NetCamSensor-1_0-321401V01CE5A8::urn:Belkin:device:**|200.0|http://192.168.1.165:49154/setup.xml|urn:Belkin:device:**,,
null|null|0x0800|192.168.1.165|192.168.1.239|17|48822|null|50000|max-age=86400|Unspecified, UPnP/1.0, Unspecified|OK|HTTP/1.1|uuid:NetCamSensor-1_0-321401V01CE5A8::urn:Belkin:device:**|200.0|http://192.168.1.165:49154/setup.xml|urn:Belkin:device:**,,
null|null|0x0800|192.168.1.165|192.168.1.239|17|56324|null|50000|max-age=86400|Unspecified, UPnP/1.0, Unspecified|OK|HTTP/1.1|uuid:NetCamSensor-1_0-321401V01CE5A8::urn:Belkin:device:**|200.0|http://192.168.1.165:49153/setup.xml|urn:Belkin:device:**,,
null|null|0x0800|192.168.1.165|192.168.1.239|17|37127|null|50000|max-age=86400|Unspecified, UPnP/1.0, Unspecified|OK|HTTP/1.1|uuid:NetCamSensor-1_0-321401V01CE5A8::urn:Belkin:device:**|200.0|http://192.168.1.165:49154/setup.xml|urn:Belkin:device:**,,
null|null|0x0800|192.168.1.165|192.168.1.239|17|43276|null|50000|max-age=86400|Unspecified, UPnP/1.0, Unspecified|OK|HTTP/1.1|uuid:NetCamSensor-1_0-321401V01CE5A8::urn:Belkin:device:**|200.0|http://192.168.1.165:49154/setup.xml|urn:Belkin:device:**,,
null|null|0x0800|192.168.1.165|192.168.1.239|17|42913|null|50000|max-age=86400|Unspecified, UPnP/1.0, Unspecified|OK|HTTP/1.1|uuid:NetCamSensor-1_0-321401V01CE5A8::urn:Belkin:device:**|200.0|http://192.168.1.165:49154/setup.xml|urn:Belkin:device:**,,
null|null|0x0800|192.168.1.165|192.168.1.239|17|57538|null|50000|max-age=86400|Unspecified, UPnP/1.0, Unspecified|OK|HTTP/1.1|uuid:NetCamSensor-1_0-321401V01CE5A8::urn:Belkin:device:**|200.0|http://192.168.1.165:49153/setup.xml|urn:Belkin:device:**,,
null|null|0x0800|192.168.1.165|192.168.1.239|17|58601|null|50000|max-age=86400|Unspecified, UPnP/1.0, Unspecified|OK|HTTP/1.1|uuid:NetCamSensor-1_0-321401V01CE5A8::urn:Belkin:device:**|200.0|http://192.168.1.165:49153/setup.xml|urn:Belkin:device:**,,
null|null|0x0800|192.168.1.165|192.168.1.239|17|36908|null|50000|max-age=86400|Unspecified, UPnP/1.0, Unspecified|OK|HTTP/1.1|uuid:NetCamSensor-1_0-321401V01CE5A8::urn:Belkin:device:**|200.0|http://192.168.1.165:49154/setup.xml|urn:Belkin:device:**,,
null|null|0x0800|192.168.1.165|192.168.1.239|17|57797|null|50000|max-age=86400|Unspecified, UPnP/1.0, Unspecified|OK|HTTP/1.1|uuid:NetCamSensor-1_0-321401V01CE5A8::urn:Belkin:device:**|200.0|http://192.168.1.165:49154/setup.xml|urn:Belkin:device:**,,
null|null|0x0800|192.168.1.165|192.168.1.239|17|60069|null|50000|max-age=86400|Unspecified, UPnP/1.0, Unspecified|OK|HTTP/1.1|uuid:NetCamSensor-1_0-321401V01CE5A8::urn:Belkin:device:**|200.0|http://192.168.1.165:49153/setup.xml|urn:Belkin:device:**,,
null|null|0x0800|192.168.1.165|192.168.1.239|17|44356|null|50000|max-age=86400|Unspecified, UPnP/1.0, Unspecified|OK|HTTP/1.1|uuid:NetCamSensor-1_0-321401V01CE5A8::urn:Belkin:device:**|200.0|http://192.168.1.165:49154/setup.xml|urn:Belkin:device:**,,
null|null|0x0800|192.168.1.165|192.168.1.239|17|43288|null|50000|max-age=86400|Unspecified, UPnP/1.0, Unspecified|OK|HTTP/1.1|uuid:NetCamSensor-1_0-321401V01CE5A8::urn:Belkin:device:**|200.0|http://192.168.1.165:49154/setup.xml|urn:Belkin:device:**,,
null|null|0x0800|192.168.1.165|192.168.1.239|17|34606|null|50000|max-age=86400|Unspecified, UPnP/1.0, Unspecified|OK|HTTP/1.1|uuid:NetCamSensor-1_0-321401V01CE5A8::urn:Belkin:device:**|200.0|http://192.168.1.165:49154/setup.xml|urn:Belkin:device:**,,
null|null|0x0800|192.168.1.165|192.168.1.239|17|37271|null|50000|max-age=86400|Unspecified, UPnP/1.0, Unspecified|OK|HTTP/1.1|uuid:NetCamSensor-1_0-321401V01CE5A8::urn:Belkin:device:**|200.0|http://192.168.1.165:49153/setup.xml|urn:Belkin:device:**,,
null|null|0x0800|192.168.1.165|192.168.1.239|17|44350|null|50000|max-age=86400|Unspecified, UPnP/1.0, Unspecified|OK|HTTP/1.1|uuid:NetCamSensor-1_0-321401V01CE5A8::urn:Belkin:device:**|200.0|http://192.168.1.165:49154/setup.xml|urn:Belkin:device:**,,
null|null|0x0800|192.168.1.165|192.168.1.239|17|43160|null|50000|max-age=86400|Unspecified, UPnP/1.0, Unspecified|OK|HTTP/1.1|uuid:NetCamSensor-1_0-321401V01CE5A8::urn:Belkin:device:**|200.0|http://192.168.1.165:49153/setup.xml|urn:Belkin:device:**,,
null|null|0x0800|192.168.1.165|192.168.1.239|17|40665|null|50000|max-age=86400|Unspecified, UPnP/1.0, Unspecified|OK|HTTP/1.1|uuid:NetCamSensor-1_0-321401V01CE5A8::urn:Belkin:device:**|200.0|http://192.168.1.165:49153/setup.xml|urn:Belkin:device:**,,
null|null|0x0800|192.168.1.165|192.168.1.239|17|40530|null|50000|max-age=86400|Unspecified, UPnP/1.0, Unspecified|OK|HTTP/1.1|uuid:NetCamSensor-1_0-321401V01CE5A8::urn:Belkin:device:**|200.0|http://192.168.1.165:49154/setup.xml|urn:Belkin:device:**,,
null|null|0x0800|192.168.1.165|192.168.1.239|17|49122|null|50000|max-age=86400|Unspecified, UPnP/1.0, Unspecified|OK|HTTP/1.1|uuid:NetCamSensor-1_0-321401V01CE5A8::urn:Belkin:device:**|200.0|http://192.168.1.165:49154/setup.xml|urn:Belkin:device:**,,
null|null|0x0800|192.168.1.165|192.168.1.239|17|47702|null|50000|max-age=86400|Unspecified, UPnP/1.0, Unspecified|OK|HTTP/1.1|uuid:NetCamSensor-1_0-321401V01CE5A8::urn:Belkin:device:**|200.0|http://192.168.1.165:49153/setup.xml|urn:Belkin:device:**,,
null|null|0x0800|192.168.1.165|192.168.1.239|17|43033|null|50000|max-age=86400|Unspecified, UPnP/1.0, Unspecified|OK|HTTP/1.1|uuid:NetCamSensor-1_0-321401V01CE5A8::urn:Belkin:device:**|200.0|http://192.168.1.165:49154/setup.xml|urn:Belkin:device:**,,
null|null|0x0800|192.168.1.165|192.168.1.239|17|35926|null|50000|max-age=86400|Unspecified, UPnP/1.0, Unspecified|OK|HTTP/1.1|uuid:NetCamSensor-1_0-321401V01CE5A8::urn:Belkin:device:**|200.0|http://192.168.1.165:49154/setup.xml|urn:Belkin:device:**,,
null|null|0x0800|192.168.1.165|192.168.1.239|17|37154|null|50000|max-age=86400|Unspecified, UPnP/1.0, Unspecified|OK|HTTP/1.1|uuid:NetCamSensor-1_0-321401V01CE5A8::urn:Belkin:device:**|200.0|http://192.168.1.165:49153/setup.xml|urn:Belkin:device:**,,
null|null|0x0800|192.168.1.165|192.168.1.239|17|58626|null|50000|max-age=86400|Unspecified, UPnP/1.0, Unspecified|OK|HTTP/1.1|uuid:NetCamSensor-1_0-321401V01CE5A8::urn:Belkin:device:**|200.0|http://192.168.1.165:49154/setup.xml|urn:Belkin:device:**,,
null|null|0x0800|192.168.1.165|192.168.1.239|17|37159|null|50000|max-age=86400|Unspecified, UPnP/1.0, Unspecified|OK|HTTP/1.1|uuid:NetCamSensor-1_0-321401V01CE5A8::urn:Belkin:device:**|200.0|http://192.168.1.165:49154/setup.xml|urn:Belkin:device:**,,
null|null|0x0800|192.168.1.165|192.168.1.239|17|56223|null|50000|max-age=86400|Unspecified, UPnP/1.0, Unspecified|OK|HTTP/1.1|uuid:NetCamSensor-1_0-321401V01CE5A8::urn:Belkin:device:**|200.0|http://192.168.1.165:49153/setup.xml|urn:Belkin:device:**,,
null|null|0x0800|192.168.1.165|192.168.1.239|17|57552|null|50000|max-age=86400|Unspecified, UPnP/1.0, Unspecified|OK|HTTP/1.1|uuid:NetCamSensor-1_0-321401V01CE5A8::urn:Belkin:device:**|200.0|http://192.168.1.165:49154/setup.xml|urn:Belkin:device:**,,
null|null|0x0800|192.168.1.165|192.168.1.239|17|52651|null|50000|max-age=86400|Unspecified, UPnP/1.0, Unspecified|OK|HTTP/1.1|uuid:NetCamSensor-1_0-321401V01CE5A8::urn:Belkin:device:**|200.0|http://192.168.1.165:49154/setup.xml|urn:Belkin:device:**,,
null|null|0x0800|192.168.1.165|192.168.1.239|17|51588|null|50000|max-age=86400|Unspecified, UPnP/1.0, Unspecified|OK|HTTP/1.1|uuid:NetCamSensor-1_0-321401V01CE5A8::urn:Belkin:device:**|200.0|http://192.168.1.165:49153/setup.xml|urn:Belkin:device:**,,
null|null|0x0800|192.168.1.165|192.168.1.239|17|43049|null|50000|max-age=86400|Unspecified, UPnP/1.0, Unspecified|OK|HTTP/1.1|uuid:NetCamSensor-1_0-321401V01CE5A8::urn:Belkin:device:**|200.0|http://192.168.1.165:49154/setup.xml|urn:Belkin:device:**,,
null|null|0x0800|192.168.1.165|192.168.1.239|17|34979|null|50000|max-age=86400|Unspecified, UPnP/1.0, Unspecified|OK|HTTP/1.1|uuid:NetCamSensor-1_0-321401V01CE5A8::urn:Belkin:device:**|200.0|http://192.168.1.165:49153/setup.xml|urn:Belkin:device:**,,
null|null|0x0800|192.168.1.165|192.168.1.239|17|52781|null|50000|max-age=86400|Unspecified, UPnP/1.0, Unspecified|OK|HTTP/1.1|uuid:NetCamSensor-1_0-321401V01CE5A8::urn:Belkin:device:**|200.0|http://192.168.1.165:49153/setup.xml|urn:Belkin:device:**,,
null|null|0x0800|192.168.1.165|192.168.1.239|17|52718|null|50000|max-age=86400|Unspecified, UPnP/1.0, Unspecified|OK|HTTP/1.1|uuid:NetCamSensor-1_0-321401V01CE5A8::urn:Belkin:device:**|200.0|http://192.168.1.165:49154/setup.xml|urn:Belkin:device:**,,
null|null|0x0800|192.168.1.165|192.168.1.239|17|43101|null|50000|max-age=86400|Unspecified, UPnP/1.0, Unspecified|OK|HTTP/1.1|uuid:NetCamSensor-1_0-321401V01CE5A8::urn:Belkin:device:**|200.0|http://192.168.1.165:49153/setup.xml|urn:Belkin:device:**,,
null|null|0x0800|192.168.1.165|192.168.1.239|17|36284|null|50000|max-age=86400|Unspecified, UPnP/1.0, Unspecified|OK|HTTP/1.1|uuid:NetCamSensor-1_0-321401V01CE5A8::urn:Belkin:device:**|200.0|http://192.168.1.165:49154/setup.xml|urn:Belkin:device:**,,
null|null|0x0800|192.168.1.165|192.168.1.239|17|46705|null|50000|max-age=86400|Unspecified, UPnP/1.0, Unspecified|OK|HTTP/1.1|uuid:NetCamSensor-1_0-321401V01CE5A8::urn:Belkin:device:**|200.0|http://192.168.1.165:49154/setup.xml|urn:Belkin:device:**,,
null|null|0x0800|192.168.1.165|192.168.1.239|17|56683|null|50000|max-age=86400|Unspecified, UPnP/1.0, Unspecified|OK|HTTP/1.1|uuid:NetCamSensor-1_0-321401V01CE5A8::urn:Belkin:device:**|200.0|http://192.168.1.165:49154/setup.xml|urn:Belkin:device:**,,
null|null|0x0800|192.168.1.165|192.168.1.239|17|48264|null|50000|max-age=86400|Unspecified, UPnP/1.0, Unspecified|OK|HTTP/1.1|uuid:NetCamSensor-1_0-321401V01CE5A8::urn:Belkin:device:**|200.0|http://192.168.1.165:49154/setup.xml|urn:Belkin:device:**,,
null|null|0x0800|192.168.1.165|192.168.1.239|17|50336|null|50000|max-age=86400|Unspecified, UPnP/1.0, Unspecified|OK|HTTP/1.1|uuid:NetCamSensor-1_0-321401V01CE5A8::urn:Belkin:device:**|200.0|http://192.168.1.165:49154/setup.xml|urn:Belkin:device:**,,
null|null|0x0800|192.168.1.165|192.168.1.239|17|55493|null|50000|max-age=86400|Unspecified, UPnP/1.0, Unspecified|OK|HTTP/1.1|uuid:NetCamSensor-1_0-321401V01CE5A8::urn:Belkin:device:**|200.0|http://192.168.1.165:49154/setup.xml|urn:Belkin:device:**,,
null|null|0x0800|192.168.1.165|192.168.1.239|17|51539|null|50000|max-age=86400|Unspecified, UPnP/1.0, Unspecified|OK|HTTP/1.1|uuid:NetCamSensor-1_0-321401V01CE5A8::urn:Belkin:device:**|200.0|http://192.168.1.165:49153/setup.xml|urn:Belkin:device:**,,
null|null|0x0800|192.168.1.165|192.168.1.239|17|44459|null|50000|max-age=86400|Unspecified, UPnP/1.0, Unspecified|OK|HTTP/1.1|uuid:NetCamSensor-1_0-321401V01CE5A8::urn:Belkin:device:**|200.0|http://192.168.1.165:49153/setup.xml|urn:Belkin:device:**,,
null|null|0x0800|192.168.1.165|192.168.1.239|17|58825|null|50000|max-age=86400|Unspecified, UPnP/1.0, Unspecified|OK|HTTP/1.1|uuid:NetCamSensor-1_0-321401V01CE5A8::urn:Belkin:device:**|200.0|http://192.168.1.165:49154/setup.xml|urn:Belkin:device:**,,
null|null|0x0800|192.168.1.165|192.168.1.239|17|60040|null|50000|max-age=86400|Unspecified, UPnP/1.0, Unspecified|OK|HTTP/1.1|uuid:NetCamSensor-1_0-321401V01CE5A8::urn:Belkin:device:**|200.0|http://192.168.1.165:49153/setup.xml|urn:Belkin:device:**,,
null|null|0x0800|192.168.1.165|192.168.1.239|17|37378|null|50000|max-age=86400|Unspecified, UPnP/1.0, Unspecified|OK|HTTP/1.1|uuid:NetCamSensor-1_0-321401V01CE5A8::urn:Belkin:device:**|200.0|http://192.168.1.165:49154/setup.xml|urn:Belkin:device:**,,
null|null|0x0800|192.168.1.165|192.168.1.239|17|48159|null|50000|max-age=86400|Unspecified, UPnP/1.0, Unspecified|OK|HTTP/1.1|uuid:NetCamSensor-1_0-321401V01CE5A8::urn:Belkin:device:**|200.0|http://192.168.1.165:49153/setup.xml|urn:Belkin:device:**,,
null|null|0x0800|192.168.1.165|192.168.1.239|17|43136|null|50000|max-age=86400|Unspecified, UPnP/1.0, Unspecified|OK|HTTP/1.1|uuid:NetCamSensor-1_0-321401V01CE5A8::urn:Belkin:device:**|200.0|http://192.168.1.165:49154/setup.xml|urn:Belkin:device:**,,
null|null|0x0800|192.168.1.165|192.168.1.239|17|36719|null|50000|max-age=86400|Unspecified, UPnP/1.0, Unspecified|OK|HTTP/1.1|uuid:NetCamSensor-1_0-321401V01CE5A8::urn:Belkin:device:**|200.0|http://192.168.1.165:49154/setup.xml|urn:Belkin:device:**,,
null|null|0x0800|192.168.1.165|192.168.1.239|17|37083|null|50000|max-age=86400|Unspecified, UPnP/1.0, Unspecified|OK|HTTP/1.1|uuid:NetCamSensor-1_0-321401V01CE5A8::urn:Belkin:device:**|200.0|http://192.168.1.165:49154/setup.xml|urn:Belkin:device:**,,
null|null|0x0800|192.168.1.165|192.168.1.239|17|41408|null|50000|max-age=86400|Unspecified, UPnP/1.0, Unspecified|OK|HTTP/1.1|uuid:NetCamSensor-1_0-321401V01CE5A8::urn:Belkin:device:**|200.0|http://192.168.1.165:49153/setup.xml|urn:Belkin:device:**,,
null|null|0x0800|192.168.1.165|192.168.1.239|17|44041|null|50000|max-age=86400|Unspecified, UPnP/1.0, Unspecified|OK|HTTP/1.1|uuid:NetCamSensor-1_0-321401V01CE5A8::urn:Belkin:device:**|200.0|http://192.168.1.165:49154/setup.xml|urn:Belkin:device:**,,
null|null|0x0800|192.168.1.165|192.168.1.239|17|48709|null|50000|max-age=86400|Unspecified, UPnP/1.0, Unspecified|OK|HTTP/1.1|uuid:NetCamSensor-1_0-321401V01CE5A8::urn:Belkin:device:**|200.0|http://192.168.1.165:49154/setup.xml|urn:Belkin:device:**,,
null|null|0x0800|192.168.1.165|192.168.1.239|17|33491|null|50000|max-age=86400|Unspecified, UPnP/1.0, Unspecified|OK|HTTP/1.1|uuid:NetCamSensor-1_0-321401V01CE5A8::urn:Belkin:device:**|200.0|http://192.168.1.165:49154/setup.xml|urn:Belkin:device:**,,
null|null|0x0800|192.168.1.165|192.168.1.239|17|35626|null|50000|max-age=86400|Unspecified, UPnP/1.0, Unspecified|OK|HTTP/1.1|uuid:NetCamSensor-1_0-321401V01CE5A8::urn:Belkin:device:**|200.0|http://192.168.1.165:49154/setup.xml|urn:Belkin:device:**,,
null|null|0x0800|192.168.1.165|192.168.1.239|17|41550|null|50000|max-age=86400|Unspecified, UPnP/1.0, Unspecified|OK|HTTP/1.1|uuid:NetCamSensor-1_0-321401V01CE5A8::urn:Belkin:device:**|200.0|http://192.168.1.165:49154/setup.xml|urn:Belkin:device:**,,
null|null|0x0800|192.168.1.165|192.168.1.239|17|59894|null|50000|max-age=86400|Unspecified, UPnP/1.0, Unspecified|OK|HTTP/1.1|uuid:NetCamSensor-1_0-321401V01CE5A8::urn:Belkin:device:**|200.0|http://192.168.1.165:49153/setup.xml|urn:Belkin:device:**,,
null|null|0x0800|192.168.1.165|192.168.1.239|17|52598|null|50000|max-age=86400|Unspecified, UPnP/1.0, Unspecified|OK|HTTP/1.1|uuid:NetCamSensor-1_0-321401V01CE5A8::urn:Belkin:device:**|200.0|http://192.168.1.165:49153/setup.xml|urn:Belkin:device:**,,
null|null|0x0800|192.168.1.165|192.168.1.239|17|50080|null|50000|max-age=86400|Unspecified, UPnP/1.0, Unspecified|OK|HTTP/1.1|uuid:NetCamSensor-1_0-321401V01CE5A8::urn:Belkin:device:**|200.0|http://192.168.1.165:49153/setup.xml|urn:Belkin:device:**,,
null|null|0x0800|192.168.1.165|192.168.1.239|17|35746|null|50000|max-age=86400|Unspecified, UPnP/1.0, Unspecified|OK|HTTP/1.1|uuid:NetCamSensor-1_0-321401V01CE5A8::urn:Belkin:device:**|200.0|http://192.168.1.165:49153/setup.xml|urn:Belkin:device:**,,
null|null|0x0800|192.168.1.165|192.168.1.239|17|46590|null|50000|max-age=86400|Unspecified, UPnP/1.0, Unspecified|OK|HTTP/1.1|uuid:NetCamSensor-1_0-321401V01CE5A8::urn:Belkin:device:**|200.0|http://192.168.1.165:49154/setup.xml|urn:Belkin:device:**,,
null|null|0x0800|192.168.1.165|192.168.1.239|17|44064|null|50000|max-age=86400|Unspecified, UPnP/1.0, Unspecified|OK|HTTP/1.1|uuid:NetCamSensor-1_0-321401V01CE5A8::urn:Belkin:device:**|200.0|http://192.168.1.165:49154/setup.xml|urn:Belkin:device:**,,
null|null|0x0800|192.168.1.165|192.168.1.239|17|41691|null|50000|max-age=86400|Unspecified, UPnP/1.0, Unspecified|OK|HTTP/1.1|uuid:NetCamSensor-1_0-321401V01CE5A8::urn:Belkin:device:**|200.0|http://192.168.1.165:49153/setup.xml|urn:Belkin:device:**,,
null|null|0x0800|192.168.1.165|192.168.1.239|17|57246|null|50000|max-age=86400|Unspecified, UPnP/1.0, Unspecified|OK|HTTP/1.1|uuid:NetCamSensor-1_0-321401V01CE5A8::urn:Belkin:device:**|200.0|http://192.168.1.165:49153/setup.xml|urn:Belkin:device:**,,
null|null|0x0800|192.168.1.165|192.168.1.239|17|57113|null|50000|max-age=86400|Unspecified, UPnP/1.0, Unspecified|OK|HTTP/1.1|uuid:NetCamSensor-1_0-321401V01CE5A8::urn:Belkin:device:**|200.0|http://192.168.1.165:49153/setup.xml|urn:Belkin:device:**,,
null|null|0x0800|192.168.1.165|192.168.1.239|17|36884|null|50000|max-age=86400|Unspecified, UPnP/1.0, Unspecified|OK|HTTP/1.1|uuid:NetCamSensor-1_0-321401V01CE5A8::urn:Belkin:device:**|200.0|http://192.168.1.165:49154/setup.xml|urn:Belkin:device:**,,
null|null|0x0800|192.168.1.165|192.168.1.239|17|39251|null|50000|max-age=86400|Unspecified, UPnP/1.0, Unspecified|OK|HTTP/1.1|uuid:NetCamSensor-1_0-321401V01CE5A8::urn:Belkin:device:**|200.0|http://192.168.1.165:49153/setup.xml|urn:Belkin:device:**,,
null|null|0x0800|192.168.1.165|192.168.1.239|17|55940|null|50000|max-age=86400|Unspecified, UPnP/1.0, Unspecified|OK|HTTP/1.1|uuid:NetCamSensor-1_0-321401V01CE5A8::urn:Belkin:device:**|200.0|http://192.168.1.165:49153/setup.xml|urn:Belkin:device:**,,
null|null|0x0800|192.168.1.165|192.168.1.239|17|43706|null|50000|max-age=86400|Unspecified, UPnP/1.0, Unspecified|OK|HTTP/1.1|uuid:NetCamSensor-1_0-321401V01CE5A8::urn:Belkin:device:**|200.0|http://192.168.1.165:49153/setup.xml|urn:Belkin:device:**,,
null|null|0x0800|192.168.1.165|192.168.1.239|17|44904|null|50000|max-age=86400|Unspecified, UPnP/1.0, Unspecified|OK|HTTP/1.1|uuid:NetCamSensor-1_0-321401V01CE5A8::urn:Belkin:device:**|200.0|http://192.168.1.165:49153/setup.xml|urn:Belkin:device:**,,
null|null|0x0800|192.168.1.165|192.168.1.239|17|48862|null|50000|max-age=86400|Unspecified, UPnP/1.0, Unspecified|OK|HTTP/1.1|uuid:NetCamSensor-1_0-321401V01CE5A8::urn:Belkin:device:**|200.0|http://192.168.1.165:49154/setup.xml|urn:Belkin:device:**,,
null|null|0x0800|192.168.1.165|192.168.1.239|17|39697|null|50000|max-age=86400|Unspecified, UPnP/1.0, Unspecified|OK|HTTP/1.1|uuid:NetCamSensor-1_0-321401V01CE5A8::urn:Belkin:device:**|200.0|http://192.168.1.165:49154/setup.xml|urn:Belkin:device:**,,
null|null|0x0800|192.168.1.165|192.168.1.239|17|59700|null|50000|max-age=86400|Unspecified, UPnP/1.0, Unspecified|OK|HTTP/1.1|uuid:NetCamSensor-1_0-321401V01CE5A8::urn:Belkin:device:**|200.0|http://192.168.1.165:49153/setup.xml|urn:Belkin:device:**,,
null|null|0x0800|192.168.1.165|192.168.1.239|17|58893|null|50000|max-age=86400|Unspecified, UPnP/1.0, Unspecified|OK|HTTP/1.1|uuid:NetCamSensor-1_0-321401V01CE5A8::urn:Belkin:device:**|200.0|http://192.168.1.165:49153/setup.xml|urn:Belkin:device:**,,
null|null|0x0800|192.168.1.165|192.168.1.239|17|33158|null|50000|max-age=86400|Unspecified, UPnP/1.0, Unspecified|OK|HTTP/1.1|uuid:NetCamSensor-1_0-321401V01CE5A8::urn:Belkin:device:**|200.0|http://192.168.1.165:49154/setup.xml|urn:Belkin:device:**,,
null|null|0x0800|192.168.1.165|192.168.1.239|17|44388|null|50000|max-age=86400|Unspecified, UPnP/1.0, Unspecified|OK|HTTP/1.1|uuid:NetCamSensor-1_0-321401V01CE5A8::urn:Belkin:device:**|200.0|http://192.168.1.165:49153/setup.xml|urn:Belkin:device:**,,
null|null|0x0800|192.168.1.165|192.168.1.239|17|58640|null|50000|max-age=86400|Unspecified, UPnP/1.0, Unspecified|OK|HTTP/1.1|uuid:NetCamSensor-1_0-321401V01CE5A8::urn:Belkin:device:**|200.0|http://192.168.1.165:49154/setup.xml|urn:Belkin:device:**,,
null|null|0x0800|192.168.1.165|192.168.1.239|17|47603|null|50000|max-age=86400|Unspecified, UPnP/1.0, Unspecified|OK|HTTP/1.1|uuid:NetCamSensor-1_0-321401V01CE5A8::urn:Belkin:device:**|200.0|http://192.168.1.165:49154/setup.xml|urn:Belkin:device:**,,
null|null|0x0800|192.168.1.165|192.168.1.239|17|46537|null|50000|max-age=86400|Unspecified, UPnP/1.0, Unspecified|OK|HTTP/1.1|uuid:NetCamSensor-1_0-321401V01CE5A8::urn:Belkin:device:**|200.0|http://192.168.1.165:49154/setup.xml|urn:Belkin:device:**,,
null|null|0x0800|192.168.1.165|192.168.1.239|17|50271|null|50000|max-age=86400|Unspecified, UPnP/1.0, Unspecified|OK|HTTP/1.1|uuid:NetCamSensor-1_0-321401V01CE5A8::urn:Belkin:device:**|200.0|http://192.168.1.165:49154/setup.xml|urn:Belkin:device:**,,
null|null|0x0800|192.168.1.165|192.168.1.239|17|34333|null|50000|max-age=86400|Unspecified, UPnP/1.0, Unspecified|OK|HTTP/1.1|uuid:NetCamSensor-1_0-321401V01CE5A8::urn:Belkin:device:**|200.0|http://192.168.1.165:49154/setup.xml|urn:Belkin:device:**,,
null|null|0x0800|192.168.1.165|192.168.1.239|17|56253|null|50000|max-age=86400|Unspecified, UPnP/1.0, Unspecified|OK|HTTP/1.1|uuid:NetCamSensor-1_0-321401V01CE5A8::urn:Belkin:device:**|200.0|http://192.168.1.165:49153/setup.xml|urn:Belkin:device:**,,
null|null|0x0800|192.168.1.165|192.168.1.239|17|38266|null|50000|max-age=86400|Unspecified, UPnP/1.0, Unspecified|OK|HTTP/1.1|uuid:NetCamSensor-1_0-321401V01CE5A8::urn:Belkin:device:**|200.0|http://192.168.1.165:49154/setup.xml|urn:Belkin:device:**,,
null|null|0x0800|192.168.1.165|192.168.1.239|17|38007|null|50000|max-age=86400|Unspecified, UPnP/1.0, Unspecified|OK|HTTP/1.1|uuid:NetCamSensor-1_0-321401V01CE5A8::urn:Belkin:device:**|200.0|http://192.168.1.165:49153/setup.xml|urn:Belkin:device:**,,
null|null|0x0800|192.168.1.165|192.168.1.239|17|59736|null|50000|max-age=86400|Unspecified, UPnP/1.0, Unspecified|OK|HTTP/1.1|uuid:NetCamSensor-1_0-321401V01CE5A8::urn:Belkin:device:**|200.0|http://192.168.1.165:49153/setup.xml|urn:Belkin:device:**,,
null|null|0x0800|192.168.1.165|192.168.1.239|17|35785|null|50000|max-age=86400|Unspecified, UPnP/1.0, Unspecified|OK|HTTP/1.1|uuid:NetCamSensor-1_0-321401V01CE5A8::urn:Belkin:device:**|200.0|http://192.168.1.165:49154/setup.xml|urn:Belkin:device:**,,
null|null|0x0800|192.168.1.165|192.168.1.239|17|37071|null|50000|max-age=86400|Unspecified, UPnP/1.0, Unspecified|OK|HTTP/1.1|uuid:NetCamSensor-1_0-321401V01CE5A8::urn:Belkin:device:**|200.0|http://192.168.1.165:49153/setup.xml|urn:Belkin:device:**,,
null|null|0x0800|192.168.1.165|192.168.1.239|17|52438|null|50000|max-age=86400|Unspecified, UPnP/1.0, Unspecified|OK|HTTP/1.1|uuid:NetCamSensor-1_0-321401V01CE5A8::urn:Belkin:device:**|200.0|http://192.168.1.165:49153/setup.xml|urn:Belkin:device:**,,
null|null|0x0800|192.168.1.165|192.168.1.239|17|53891|null|50000|max-age=86400|Unspecified, UPnP/1.0, Unspecified|OK|HTTP/1.1|uuid:NetCamSensor-1_0-321401V01CE5A8::urn:Belkin:device:**|200.0|http://192.168.1.165:49154/setup.xml|urn:Belkin:device:**,,
null|null|0x0800|192.168.1.165|192.168.1.239|17|56935|null|50000|max-age=86400|Unspecified, UPnP/1.0, Unspecified|OK|HTTP/1.1|uuid:NetCamSensor-1_0-321401V01CE5A8::urn:Belkin:device:**|200.0|http://192.168.1.165:49153/setup.xml|urn:Belkin:device:**,,
null|null|0x0800|192.168.1.165|192.168.1.239|17|32833|null|50000|max-age=86400|Unspecified, UPnP/1.0, Unspecified|OK|HTTP/1.1|uuid:NetCamSensor-1_0-321401V01CE5A8::urn:Belkin:device:**|200.0|http://192.168.1.165:49153/setup.xml|urn:Belkin:device:**,,
null|null|0x0800|192.168.1.165|192.168.1.239|17|57293|null|50000|max-age=86400|Unspecified, UPnP/1.0, Unspecified|OK|HTTP/1.1|uuid:NetCamSensor-1_0-321401V01CE5A8::urn:Belkin:device:**|200.0|http://192.168.1.165:49153/setup.xml|urn:Belkin:device:**,,
null|null|0x0800|192.168.1.165|192.168.1.239|17|46135|null|50000|max-age=86400|Unspecified, UPnP/1.0, Unspecified|OK|HTTP/1.1|uuid:NetCamSensor-1_0-321401V01CE5A8::urn:Belkin:device:**|200.0|http://192.168.1.165:49154/setup.xml|urn:Belkin:device:**,,
null|null|0x0800|192.168.1.165|192.168.1.239|17|42438|null|50000|max-age=86400|Unspecified, UPnP/1.0, Unspecified|OK|HTTP/1.1|uuid:NetCamSensor-1_0-321401V01CE5A8::urn:Belkin:device:**|200.0|http://192.168.1.165:49154/setup.xml|urn:Belkin:device:**,,
null|null|0x0800|192.168.1.165|192.168.1.239|17|37620|null|50000|max-age=86400|Unspecified, UPnP/1.0, Unspecified|OK|HTTP/1.1|uuid:NetCamSensor-1_0-321401V01CE5A8::urn:Belkin:device:**|200.0|http://192.168.1.165:49154/setup.xml|urn:Belkin:device:**,,
null|null|0x0800|192.168.1.165|192.168.1.239|17|39185|null|50000|max-age=86400|Unspecified, UPnP/1.0, Unspecified|OK|HTTP/1.1|uuid:NetCamSensor-1_0-321401V01CE5A8::urn:Belkin:device:**|200.0|http://192.168.1.165:49154/setup.xml|urn:Belkin:device:**,,
null|null|0x0800|192.168.1.165|192.168.1.239|17|35580|null|50000|max-age=86400|Unspecified, UPnP/1.0, Unspecified|OK|HTTP/1.1|uuid:NetCamSensor-1_0-321401V01CE5A8::urn:Belkin:device:**|200.0|http://192.168.1.165:49154/setup.xml|urn:Belkin:device:**,,
null|null|0x0800|192.168.1.165|192.168.1.239|17|47212|null|50000|max-age=86400|Unspecified, UPnP/1.0, Unspecified|OK|HTTP/1.1|uuid:NetCamSensor-1_0-321401V01CE5A8::urn:Belkin:device:**|200.0|http://192.168.1.165:49154/setup.xml|urn:Belkin:device:**,,
null|null|0x0800|192.168.1.165|192.168.1.239|17|41383|null|50000|max-age=86400|Unspecified, UPnP/1.0, Unspecified|OK|HTTP/1.1|uuid:NetCamSensor-1_0-321401V01CE5A8::urn:Belkin:device:**|200.0|http://192.168.1.165:49153/setup.xml|urn:Belkin:device:**,,
null|null|0x0800|192.168.1.165|192.168.1.239|17|39195|null|50000|max-age=86400|Unspecified, UPnP/1.0, Unspecified|OK|HTTP/1.1|uuid:NetCamSensor-1_0-321401V01CE5A8::urn:Belkin:device:**|200.0|http://192.168.1.165:49153/setup.xml|urn:Belkin:device:**,,
null|null|0x0800|192.168.1.165|192.168.1.239|17|44981|null|50000|max-age=86400|Unspecified, UPnP/1.0, Unspecified|OK|HTTP/1.1|uuid:NetCamSensor-1_0-321401V01CE5A8::urn:Belkin:device:**|200.0|http://192.168.1.165:49154/setup.xml|urn:Belkin:device:**,,
null|null|0x0800|192.168.1.165|192.168.1.239|17|49615|null|50000|max-age=86400|Unspecified, UPnP/1.0, Unspecified|OK|HTTP/1.1|uuid:NetCamSensor-1_0-321401V01CE5A8::urn:Belkin:device:**|200.0|http://192.168.1.165:49154/setup.xml|urn:Belkin:device:**,,
null|null|0x0800|192.168.1.165|192.168.1.239|17|47351|null|50000|max-age=86400|Unspecified, UPnP/1.0, Unspecified|OK|HTTP/1.1|uuid:NetCamSensor-1_0-321401V01CE5A8::urn:Belkin:device:**|200.0|http://192.168.1.165:49154/setup.xml|urn:Belkin:device:**,,
null|null|0x0800|192.168.1.165|192.168.1.239|17|59468|null|50000|max-age=86400|Unspecified, UPnP/1.0, Unspecified|OK|HTTP/1.1|uuid:NetCamSensor-1_0-321401V01CE5A8::urn:Belkin:device:**|200.0|http://192.168.1.165:49154/setup.xml|urn:Belkin:device:**,,
null|null|0x0800|192.168.1.165|192.168.1.239|17|39074|null|50000|max-age=86400|Unspecified, UPnP/1.0, Unspecified|OK|HTTP/1.1|uuid:NetCamSensor-1_0-321401V01CE5A8::urn:Belkin:device:**|200.0|http://192.168.1.165:49154/setup.xml|urn:Belkin:device:**,,
null|null|0x0800|192.168.1.165|192.168.1.239|17|38713|null|50000|max-age=86400|Unspecified, UPnP/1.0, Unspecified|OK|HTTP/1.1|uuid:NetCamSensor-1_0-321401V01CE5A8::urn:Belkin:device:**|200.0|http://192.168.1.165:49154/setup.xml|urn:Belkin:device:**,,
null|null|0x0800|192.168.1.165|192.168.1.239|17|47227|null|50000|max-age=86400|Unspecified, UPnP/1.0, Unspecified|OK|HTTP/1.1|uuid:NetCamSensor-1_0-321401V01CE5A8::urn:Belkin:device:**|200.0|http://192.168.1.165:49154/setup.xml|urn:Belkin:device:**,,
null|null|0x0800|192.168.1.165|192.168.1.239|17|48559|null|50000|max-age=86400|Unspecified, UPnP/1.0, Unspecified|OK|HTTP/1.1|uuid:NetCamSensor-1_0-321401V01CE5A8::urn:Belkin:device:**|200.0|http://192.168.1.165:49154/setup.xml|urn:Belkin:device:**,,
null|null|0x0800|192.168.1.165|192.168.1.239|17|53558|null|50000|max-age=86400|Unspecified, UPnP/1.0, Unspecified|OK|HTTP/1.1|uuid:NetCamSensor-1_0-321401V01CE5A8::urn:Belkin:device:**|200.0|http://192.168.1.165:49154/setup.xml|urn:Belkin:device:**,,
null|null|0x0800|192.168.1.239|239.255.255.250|17|50000|null|1900,,|null|null|null|null|null|null|null|null
null|null|0x0800|192.168.1.165|192.168.1.239|17|39398|null|50000|max-age=86400|Unspecified, UPnP/1.0, Unspecified|OK|HTTP/1.1|uuid:NetCamSensor-1_0-321401V01CE5A8::urn:Belkin:device:**|200.0|http://192.168.1.165:49154/setup.xml|urn:Belkin:device:**,,
null|null|0x0800|192.168.1.165|192.168.1.239|17|47413|null|50000|max-age=86400|Unspecified, UPnP/1.0, Unspecified|OK|HTTP/1.1|uuid:NetCamSensor-1_0-321401V01CE5A8::urn:Belkin:device:**|200.0|http://192.168.1.165:49154/setup.xml|urn:Belkin:device:**,,
null|null|0x0800|192.168.1.165|192.168.1.239|17|51171|null|50000|max-age=86400|Unspecified, UPnP/1.0, Unspecified|OK|HTTP/1.1|uuid:NetCamSensor-1_0-321401V01CE5A8::urn:Belkin:device:**|200.0|http://192.168.1.165:49153/setup.xml|urn:Belkin:device:**,,
null|null|0x0800|192.168.1.165|192.168.1.239|17|58339|null|50000|max-age=86400|Unspecified, UPnP/1.0, Unspecified|OK|HTTP/1.1|uuid:NetCamSensor-1_0-321401V01CE5A8::urn:Belkin:device:**|200.0|http://192.168.1.165:49153/setup.xml|urn:Belkin:device:**,,
null|null|0x0800|192.168.1.165|192.168.1.239|17|43980|null|50000|max-age=86400|Unspecified, UPnP/1.0, Unspecified|OK|HTTP/1.1|uuid:NetCamSensor-1_0-321401V01CE5A8::urn:Belkin:device:**|200.0|http://192.168.1.165:49153/setup.xml|urn:Belkin:device:**,,
null|null|0x0800|192.168.1.165|192.168.1.239|17|43981|null|50000|max-age=86400|Unspecified, UPnP/1.0, Unspecified|OK|HTTP/1.1|uuid:NetCamSensor-1_0-321401V01CE5A8::urn:Belkin:device:**|200.0|http://192.168.1.165:49153/setup.xml|urn:Belkin:device:**,,
null|null|0x0800|192.168.1.165|192.168.1.239|17|58460|null|50000|max-age=86400|Unspecified, UPnP/1.0, Unspecified|OK|HTTP/1.1|uuid:NetCamSensor-1_0-321401V01CE5A8::urn:Belkin:device:**|200.0|http://192.168.1.165:49154/setup.xml|urn:Belkin:device:**,,
null|null|0x0800|192.168.1.165|192.168.1.239|17|40394|null|50000|max-age=86400|Unspecified, UPnP/1.0, Unspecified|OK|HTTP/1.1|uuid:NetCamSensor-1_0-321401V01CE5A8::urn:Belkin:device:**|200.0|http://192.168.1.165:49154/setup.xml|urn:Belkin:device:**,,
null|null|0x0800|192.168.1.165|192.168.1.239|17|50807|null|50000|max-age=86400|Unspecified, UPnP/1.0, Unspecified|OK|HTTP/1.1|uuid:NetCamSensor-1_0-321401V01CE5A8::urn:Belkin:device:**|200.0|http://192.168.1.165:49153/setup.xml|urn:Belkin:device:**,,
null|null|0x0800|192.168.1.165|192.168.1.239|17|41463|null|50000|max-age=86400|Unspecified, UPnP/1.0, Unspecified|OK|HTTP/1.1|uuid:NetCamSensor-1_0-321401V01CE5A8::urn:Belkin:device:**|200.0|http://192.168.1.165:49154/setup.xml|urn:Belkin:device:**,,
null|null|0x0800|192.168.1.165|192.168.1.239|17|49709|null|50000|max-age=86400|Unspecified, UPnP/1.0, Unspecified|OK|HTTP/1.1|uuid:NetCamSensor-1_0-321401V01CE5A8::urn:Belkin:device:**|200.0|http://192.168.1.165:49154/setup.xml|urn:Belkin:device:**,,
null|null|0x0800|192.168.1.165|192.168.1.239|17|48639|null|50000|max-age=86400|Unspecified, UPnP/1.0, Unspecified|OK|HTTP/1.1|uuid:NetCamSensor-1_0-321401V01CE5A8::urn:Belkin:device:**|200.0|http://192.168.1.165:49154/setup.xml|urn:Belkin:device:**,,
null|null|0x0800|192.168.1.165|192.168.1.239|17|40271|null|50000|max-age=86400|Unspecified, UPnP/1.0, Unspecified|OK|HTTP/1.1|uuid:NetCamSensor-1_0-321401V01CE5A8::urn:Belkin:device:**|200.0|http://192.168.1.165:49153/setup.xml|urn:Belkin:device:**,,
null|null|0x0800|192.168.1.165|192.168.1.239|17|47439|null|50000|max-age=86400|Unspecified, UPnP/1.0, Unspecified|OK|HTTP/1.1|uuid:NetCamSensor-1_0-321401V01CE5A8::urn:Belkin:device:**|200.0|http://192.168.1.165:49154/setup.xml|urn:Belkin:device:**,,
null|null|0x0800|192.168.1.165|192.168.1.239|17|47566|null|50000|max-age=86400|Unspecified, UPnP/1.0, Unspecified|OK|HTTP/1.1|uuid:NetCamSensor-1_0-321401V01CE5A8::urn:Belkin:device:**|200.0|http://192.168.1.165:49153/setup.xml|urn:Belkin:device:**,,
null|null|0x0800|192.168.1.165|192.168.1.239|17|56072|null|50000|max-age=86400|Unspecified, UPnP/1.0, Unspecified|OK|HTTP/1.1|uuid:NetCamSensor-1_0-321401V01CE5A8::urn:Belkin:device:**|200.0|http://192.168.1.165:49154/setup.xml|urn:Belkin:device:**,,
null|null|0x0800|192.168.1.165|192.168.1.239|17|45173|null|50000|max-age=86400|Unspecified, UPnP/1.0, Unspecified|OK|HTTP/1.1|uuid:NetCamSensor-1_0-321401V01CE5A8::urn:Belkin:device:**|200.0|http://192.168.1.165:49153/setup.xml|urn:Belkin:device:**,,
null|null|0x0800|192.168.1.165|192.168.1.239|17|35346|null|50000|max-age=86400|Unspecified, UPnP/1.0, Unspecified|OK|HTTP/1.1|uuid:NetCamSensor-1_0-321401V01CE5A8::urn:Belkin:device:**|200.0|http://192.168.1.165:49154/setup.xml|urn:Belkin:device:**,,
null|null|0x0800|192.168.1.165|192.168.1.239|17|57150|null|50000|max-age=86400|Unspecified, UPnP/1.0, Unspecified|OK|HTTP/1.1|uuid:NetCamSensor-1_0-321401V01CE5A8::urn:Belkin:device:**|200.0|http://192.168.1.165:49153/setup.xml|urn:Belkin:device:**,,
null|null|0x0800|192.168.1.165|192.168.1.239|17|34090|null|50000|max-age=86400|Unspecified, UPnP/1.0, Unspecified|OK|HTTP/1.1|uuid:NetCamSensor-1_0-321401V01CE5A8::urn:Belkin:device:**|200.0|http://192.168.1.165:49154/setup.xml|urn:Belkin:device:**,,
null|null|0x0800|192.168.1.165|192.168.1.239|17|49410|null|50000|max-age=86400|Unspecified, UPnP/1.0, Unspecified|OK|HTTP/1.1|uuid:NetCamSensor-1_0-321401V01CE5A8::urn:Belkin:device:**|200.0|http://192.168.1.165:49153/setup.xml|urn:Belkin:device:**,,
null|null|0x0800|192.168.1.165|192.168.1.239|17|45978|null|50000|max-age=86400|Unspecified, UPnP/1.0, Unspecified|OK|HTTP/1.1|uuid:NetCamSensor-1_0-321401V01CE5A8::urn:Belkin:device:**|200.0|http://192.168.1.165:49154/setup.xml|urn:Belkin:device:**,,
null|null|0x0800|192.168.1.165|192.168.1.239|17|51995|null|50000|max-age=86400|Unspecified, UPnP/1.0, Unspecified|OK|HTTP/1.1|uuid:NetCamSensor-1_0-321401V01CE5A8::urn:Belkin:device:**|200.0|http://192.168.1.165:49153/setup.xml|urn:Belkin:device:**,,
null|null|0x0800|192.168.1.165|192.168.1.239|17|38765|null|50000|max-age=86400|Unspecified, UPnP/1.0, Unspecified|OK|HTTP/1.1|uuid:NetCamSensor-1_0-321401V01CE5A8::urn:Belkin:device:**|200.0|http://192.168.1.165:49153/setup.xml|urn:Belkin:device:**,,
null|null|0x0800|192.168.1.165|192.168.1.239|17|39704|null|50000|max-age=86400|Unspecified, UPnP/1.0, Unspecified|OK|HTTP/1.1|uuid:NetCamSensor-1_0-321401V01CE5A8::urn:Belkin:device:**|200.0|http://192.168.1.165:49153/setup.xml|urn:Belkin:device:**,,
null|null|0x0800|192.168.1.165|192.168.1.239|17|35156|null|50000|max-age=86400|Unspecified, UPnP/1.0, Unspecified|OK|HTTP/1.1|uuid:NetCamSensor-1_0-321401V01CE5A8::urn:Belkin:device:**|200.0|http://192.168.1.165:49153/setup.xml|urn:Belkin:device:**,,
null|null|0x0800|192.168.1.165|192.168.1.239|17|36372|null|50000|max-age=86400|Unspecified, UPnP/1.0, Unspecified|OK|HTTP/1.1|uuid:NetCamSensor-1_0-321401V01CE5A8::urn:Belkin:device:**|200.0|http://192.168.1.165:49153/setup.xml|urn:Belkin:device:**,,
null|null|0x0800|192.168.1.165|192.168.1.239|17|55578|null|50000|max-age=86400|Unspecified, UPnP/1.0, Unspecified|OK|HTTP/1.1|uuid:NetCamSensor-1_0-321401V01CE5A8::urn:Belkin:device:**|200.0|http://192.168.1.165:49154/setup.xml|urn:Belkin:device:**,,
null|null|0x0800|192.168.1.165|192.168.1.239|17|38773|null|50000|max-age=86400|Unspecified, UPnP/1.0, Unspecified|OK|HTTP/1.1|uuid:NetCamSensor-1_0-321401V01CE5A8::urn:Belkin:device:**|200.0|http://192.168.1.165:49154/setup.xml|urn:Belkin:device:**,,
null|null|0x0800|192.168.1.165|192.168.1.239|17|39712|null|50000|max-age=86400|Unspecified, UPnP/1.0, Unspecified|OK|HTTP/1.1|uuid:NetCamSensor-1_0-321401V01CE5A8::urn:Belkin:device:**|200.0|http://192.168.1.165:49154/setup.xml|urn:Belkin:device:**,,
null|null|0x0800|192.168.1.165|192.168.1.239|17|51746|null|50000|max-age=86400|Unspecified, UPnP/1.0, Unspecified|OK|HTTP/1.1|uuid:NetCamSensor-1_0-321401V01CE5A8::urn:Belkin:device:**|200.0|http://192.168.1.165:49154/setup.xml|urn:Belkin:device:**,,
null|null|0x0800|192.168.1.165|192.168.1.239|17|43465|null|50000|max-age=86400|Unspecified, UPnP/1.0, Unspecified|OK|HTTP/1.1|uuid:NetCamSensor-1_0-321401V01CE5A8::urn:Belkin:device:**|200.0|http://192.168.1.165:49154/setup.xml|urn:Belkin:device:**,,
null|null|0x0800|192.168.1.165|192.168.1.239|17|45993|null|50000|max-age=86400|Unspecified, UPnP/1.0, Unspecified|OK|HTTP/1.1|uuid:NetCamSensor-1_0-321401V01CE5A8::urn:Belkin:device:**|200.0|http://192.168.1.165:49153/setup.xml|urn:Belkin:device:**,,
null|null|0x0800|192.168.1.165|192.168.1.239|17|35140|null|50000|max-age=86400|Unspecified, UPnP/1.0, Unspecified|OK|HTTP/1.1|uuid:NetCamSensor-1_0-321401V01CE5A8::urn:Belkin:device:**|200.0|http://192.168.1.165:49154/setup.xml|urn:Belkin:device:**,,
null|null|0x0800|192.168.1.165|192.168.1.239|17|34073|null|50000|max-age=86400|Unspecified, UPnP/1.0, Unspecified|OK|HTTP/1.1|uuid:NetCamSensor-1_0-321401V01CE5A8::urn:Belkin:device:**|200.0|http://192.168.1.165:49153/setup.xml|urn:Belkin:device:**,,
null|null|0x0800|192.168.1.165|192.168.1.239|17|39982|null|50000|max-age=86400|Unspecified, UPnP/1.0, Unspecified|OK|HTTP/1.1|uuid:NetCamSensor-1_0-321401V01CE5A8::urn:Belkin:device:**|200.0|http://192.168.1.165:49154/setup.xml|urn:Belkin:device:**,,
null|null|0x0800|192.168.1.165|192.168.1.239|17|45733|null|50000|max-age=86400|Unspecified, UPnP/1.0, Unspecified|OK|HTTP/1.1|uuid:NetCamSensor-1_0-321401V01CE5A8::urn:Belkin:device:**|200.0|http://192.168.1.165:49154/setup.xml|urn:Belkin:device:**,,
null|null|0x0800|192.168.1.165|192.168.1.239|17|38658|null|50000|max-age=86400|Unspecified, UPnP/1.0, Unspecified|OK|HTTP/1.1|uuid:NetCamSensor-1_0-321401V01CE5A8::urn:Belkin:device:**|200.0|http://192.168.1.165:49154/setup.xml|urn:Belkin:device:**,,
null|null|0x0800|192.168.1.165|192.168.1.239|17|40719|null|50000|max-age=86400|Unspecified, UPnP/1.0, Unspecified|OK|HTTP/1.1|uuid:NetCamSensor-1_0-321401V01CE5A8::urn:Belkin:device:**|200.0|http://192.168.1.165:49154/setup.xml|urn:Belkin:device:**,,
null|null|0x0800|192.168.1.165|192.168.1.239|17|37590|null|50000|max-age=86400|Unspecified, UPnP/1.0, Unspecified|OK|HTTP/1.1|uuid:NetCamSensor-1_0-321401V01CE5A8::urn:Belkin:device:**|200.0|http://192.168.1.165:49154/setup.xml|urn:Belkin:device:**,,
null|null|0x0800|192.168.1.165|192.168.1.239|17|55465|null|50000|max-age=86400|Unspecified, UPnP/1.0, Unspecified|OK|HTTP/1.1|uuid:NetCamSensor-1_0-321401V01CE5A8::urn:Belkin:device:**|200.0|http://192.168.1.165:49154/setup.xml|urn:Belkin:device:**,,
null|null|0x0800|192.168.1.165|192.168.1.239|17|56662|null|50000|max-age=86400|Unspecified, UPnP/1.0, Unspecified|OK|HTTP/1.1|uuid:NetCamSensor-1_0-321401V01CE5A8::urn:Belkin:device:**|200.0|http://192.168.1.165:49153/setup.xml|urn:Belkin:device:**,,
null|null|0x0800|192.168.1.165|192.168.1.239|17|48377|null|50000|max-age=86400|Unspecified, UPnP/1.0, Unspecified|OK|HTTP/1.1|uuid:NetCamSensor-1_0-321401V01CE5A8::urn:Belkin:device:**|200.0|http://192.168.1.165:49153/setup.xml|urn:Belkin:device:**,,
null|null|0x0800|192.168.1.165|192.168.1.239|17|38400|null|50000|max-age=86400|Unspecified, UPnP/1.0, Unspecified|OK|HTTP/1.1|uuid:NetCamSensor-1_0-321401V01CE5A8::urn:Belkin:device:**|200.0|http://192.168.1.165:49154/setup.xml|urn:Belkin:device:**,,
null|null|0x0800|192.168.1.165|192.168.1.239|17|48380|null|50000|max-age=86400|Unspecified, UPnP/1.0, Unspecified|OK|HTTP/1.1|uuid:NetCamSensor-1_0-321401V01CE5A8::urn:Belkin:device:**|200.0|http://192.168.1.165:49154/setup.xml|urn:Belkin:device:**,,
null|null|0x0800|192.168.1.165|192.168.1.239|17|51761|null|50000|max-age=86400|Unspecified, UPnP/1.0, Unspecified|OK|HTTP/1.1|uuid:NetCamSensor-1_0-321401V01CE5A8::urn:Belkin:device:**|200.0|http://192.168.1.165:49153/setup.xml|urn:Belkin:device:**,,
null|null|0x0800|192.168.1.165|192.168.1.239|17|54451|null|50000|max-age=86400|Unspecified, UPnP/1.0, Unspecified|OK|HTTP/1.1|uuid:NetCamSensor-1_0-321401V01CE5A8::urn:Belkin:device:**|200.0|http://192.168.1.165:49154/setup.xml|urn:Belkin:device:**,,
null|null|0x0800|192.168.1.165|192.168.1.239|17|51827|null|50000|max-age=86400|Unspecified, UPnP/1.0, Unspecified|OK|HTTP/1.1|uuid:NetCamSensor-1_0-321401V01CE5A8::urn:Belkin:device:**|200.0|http://192.168.1.165:49154/setup.xml|urn:Belkin:device:**,,
null|null|0x0800|192.168.1.165|192.168.1.239|17|41136|null|50000|max-age=86400|Unspecified, UPnP/1.0, Unspecified|OK|HTTP/1.1|uuid:NetCamSensor-1_0-321401V01CE5A8::urn:Belkin:device:**|200.0|http://192.168.1.165:49154/setup.xml|urn:Belkin:device:**,,
null|null|0x0800|192.168.1.165|192.168.1.239|17|46160|null|50000|max-age=86400|Unspecified, UPnP/1.0, Unspecified|OK|HTTP/1.1|uuid:NetCamSensor-1_0-321401V01CE5A8::urn:Belkin:device:**|200.0|http://192.168.1.165:49153/setup.xml|urn:Belkin:device:**,,
null|null|0x0800|192.168.1.165|192.168.1.239|17|42335|null|50000|max-age=86400|Unspecified, UPnP/1.0, Unspecified|OK|HTTP/1.1|uuid:NetCamSensor-1_0-321401V01CE5A8::urn:Belkin:device:**|200.0|http://192.168.1.165:49154/setup.xml|urn:Belkin:device:**,,
null|null|0x0800|192.168.1.165|192.168.1.239|17|54447|null|50000|max-age=86400|Unspecified, UPnP/1.0, Unspecified|OK|HTTP/1.1|uuid:NetCamSensor-1_0-321401V01CE5A8::urn:Belkin:device:**|200.0|http://192.168.1.165:49153/setup.xml|urn:Belkin:device:**,,
null|null|0x0800|192.168.1.165|192.168.1.239|17|33636|null|50000|max-age=86400|Unspecified, UPnP/1.0, Unspecified|OK|HTTP/1.1|uuid:NetCamSensor-1_0-321401V01CE5A8::urn:Belkin:device:**|200.0|http://192.168.1.165:49154/setup.xml|urn:Belkin:device:**,,
null|null|0x0800|192.168.1.165|192.168.1.239|17|35061|null|50000|max-age=86400|Unspecified, UPnP/1.0, Unspecified|OK|HTTP/1.1|uuid:NetCamSensor-1_0-321401V01CE5A8::urn:Belkin:device:**|200.0|http://192.168.1.165:49154/setup.xml|urn:Belkin:device:**,,
null|null|0x0800|192.168.1.165|192.168.1.239|17|37402|null|50000|max-age=86400|Unspecified, UPnP/1.0, Unspecified|OK|HTTP/1.1|uuid:NetCamSensor-1_0-321401V01CE5A8::urn:Belkin:device:**|200.0|http://192.168.1.165:49154/setup.xml|urn:Belkin:device:**,,
null|null|0x0800|192.168.1.165|192.168.1.239|17|38868|null|50000|max-age=86400|Unspecified, UPnP/1.0, Unspecified|OK|HTTP/1.1|uuid:NetCamSensor-1_0-321401V01CE5A8::urn:Belkin:device:**|200.0|http://192.168.1.165:49154/setup.xml|urn:Belkin:device:**,,
null|null|0x0800|192.168.1.165|192.168.1.239|17|53258|null|50000|max-age=86400|Unspecified, UPnP/1.0, Unspecified|OK|HTTP/1.1|uuid:NetCamSensor-1_0-321401V01CE5A8::urn:Belkin:device:**|200.0|http://192.168.1.165:49154/setup.xml|urn:Belkin:device:**,,
null|null|0x0800|192.168.1.165|192.168.1.239|17|53147|null|50000|max-age=86400|Unspecified, UPnP/1.0, Unspecified|OK|HTTP/1.1|uuid:NetCamSensor-1_0-321401V01CE5A8::urn:Belkin:device:**|200.0|http://192.168.1.165:49153/setup.xml|urn:Belkin:device:**,,
null|null|0x0800|192.168.1.165|192.168.1.239|17|45822|null|50000|max-age=86400|Unspecified, UPnP/1.0, Unspecified|OK|HTTP/1.1|uuid:NetCamSensor-1_0-321401V01CE5A8::urn:Belkin:device:**|200.0|http://192.168.1.165:49154/setup.xml|urn:Belkin:device:**,,
null|null|0x0800|192.168.1.165|192.168.1.239|17|51971|null|50000|max-age=86400|Unspecified, UPnP/1.0, Unspecified|OK|HTTP/1.1|uuid:NetCamSensor-1_0-321401V01CE5A8::urn:Belkin:device:**|200.0|http://192.168.1.165:49153/setup.xml|urn:Belkin:device:**,,
null|null|0x0800|192.168.1.165|192.168.1.239|17|41165|null|50000|max-age=86400|Unspecified, UPnP/1.0, Unspecified|OK|HTTP/1.1|uuid:NetCamSensor-1_0-321401V01CE5A8::urn:Belkin:device:**|200.0|http://192.168.1.165:49153/setup.xml|urn:Belkin:device:**,,
null|null|0x0800|192.168.1.165|192.168.1.239|17|42232|null|50000|max-age=86400|Unspecified, UPnP/1.0, Unspecified|OK|HTTP/1.1|uuid:NetCamSensor-1_0-321401V01CE5A8::urn:Belkin:device:**|200.0|http://192.168.1.165:49154/setup.xml|urn:Belkin:device:**,,
null|null|0x0800|192.168.1.165|192.168.1.239|17|40931|null|50000|max-age=86400|Unspecified, UPnP/1.0, Unspecified|OK|HTTP/1.1|uuid:NetCamSensor-1_0-321401V01CE5A8::urn:Belkin:device:**|200.0|http://192.168.1.165:49154/setup.xml|urn:Belkin:device:**,,
null|null|0x0800|192.168.1.165|192.168.1.239|17|40092|null|50000|max-age=86400|Unspecified, UPnP/1.0, Unspecified|OK|HTTP/1.1|uuid:NetCamSensor-1_0-321401V01CE5A8::urn:Belkin:device:**|200.0|http://192.168.1.165:49154/setup.xml|urn:Belkin:device:**,,
null|null|0x0800|192.168.1.165|192.168.1.239|17|48203|null|50000|max-age=86400|Unspecified, UPnP/1.0, Unspecified|OK|HTTP/1.1|uuid:NetCamSensor-1_0-321401V01CE5A8::urn:Belkin:device:**|200.0|http://192.168.1.165:49154/setup.xml|urn:Belkin:device:**,,
null|null|0x0800|192.168.1.165|192.168.1.239|17|49532|null|50000|max-age=86400|Unspecified, UPnP/1.0, Unspecified|OK|HTTP/1.1|uuid:NetCamSensor-1_0-321401V01CE5A8::urn:Belkin:device:**|200.0|http://192.168.1.165:49153/setup.xml|urn:Belkin:device:**,,
null|null|0x0800|192.168.1.165|192.168.1.239|17|50788|null|50000|max-age=86400|Unspecified, UPnP/1.0, Unspecified|OK|HTTP/1.1|uuid:NetCamSensor-1_0-321401V01CE5A8::urn:Belkin:device:**|200.0|http://192.168.1.165:49154/setup.xml|urn:Belkin:device:**,,
null|null|0x0800|192.168.1.165|192.168.1.239|17|47395|null|50000|max-age=86400|Unspecified, UPnP/1.0, Unspecified|OK|HTTP/1.1|uuid:NetCamSensor-1_0-321401V01CE5A8::urn:Belkin:device:**|200.0|http://192.168.1.165:49153/setup.xml|urn:Belkin:device:**,,
null|null|0x0800|192.168.1.165|192.168.1.239|17|35033|null|50000|max-age=86400|Unspecified, UPnP/1.0, Unspecified|OK|HTTP/1.1|uuid:NetCamSensor-1_0-321401V01CE5A8::urn:Belkin:device:**|200.0|http://192.168.1.165:49154/setup.xml|urn:Belkin:device:**,,
