srcMac,,, dstMac,,, ethType,,, srcIp,,, dstIp,,, ipProto,,, srcPort,,, dstPort,,,server,,,response-version,,,response phrase,,,status code,,
null,,,null,,,0x0800,,,178.33.226.93,,,192.168.1.177,,,6,,,80,,,59439,,,nginx/1.4.1,,,HTTP/1.1,,,OK,,,200,,
null,,,null,,,0x0800,,,178.33.226.93,,,192.168.1.177,,,6,,,80,,,53370,,,nginx/1.4.1,,,HTTP/1.1,,,OK,,,200,,
null,,,null,,,0x0800,,,192.168.1.177,,,178.33.226.93,,,6,,,34741,,,80,,,nginx/1.4.1,,,HTTP/1.1,,,OK,,,200,,
null,,,null,,,0x0800,,,192.168.1.177,,,178.33.226.93,,,6,,,58499,,,80,,,nginx/1.4.1,,,HTTP/1.1,,,OK,,,200,,
null,,,null,,,0x0800,,,192.168.1.177,,,192.168.1.1,,,6,,,42603,,,5000,,,OpenWRT/OpenWrt UPnP/1.1 MiniUPnPd/1.9,,,HTTP/1.1,,,OK,,,200,,
null,,,null,,,0x0800,,,192.168.1.177,,,192.168.1.1,,,6,,,42605,,,5000,,,OpenWRT/OpenWrt UPnP/1.1 MiniUPnPd/1.9,,,HTTP/1.1,,,OK,,,200,,
null,,,null,,,0x0800,,,192.168.1.177,,,192.168.1.1,,,6,,,42604,,,5000,,,OpenWRT/OpenWrt UPnP/1.1 MiniUPnPd/1.9,,,HTTP/1.1,,,OK,,,200,,
null,,,null,,,0x0800,,,192.168.1.177,,,178.33.226.93,,,6,,,34635,,,80,,,nginx/1.4.1,,,HTTP/1.1,,,Moved Temporarily,,,302,,
null,,,null,,,0x0800,,,192.168.1.1,,,192.168.1.177,,,6,,,38921,,,46380,,,,,,HTTP/1.1,,,OK,,,200,,
null,,,null,,,0x0800,,,192.168.1.1,,,192.168.1.177,,,6,,,38920,,,46380,,,,,,HTTP/1.1,,,OK,,,200,,
null,,,null,,,0x0800,,,192.168.1.1,,,192.168.1.177,,,6,,,38923,,,46380,,,,,,HTTP/1.1,,,OK,,,200,,
null,,,null,,,0x0800,,,192.168.1.1,,,192.168.1.177,,,6,,,38922,,,46380,,,,,,HTTP/1.1,,,OK,,,200,,
null,,,null,,,0x0800,,,192.168.1.1,,,192.168.1.177,,,6,,,38925,,,46380,,,,,,HTTP/1.1,,,OK,,,200,,
null,,,null,,,0x0800,,,192.168.1.1,,,192.168.1.177,,,6,,,38924,,,46380,,,,,,HTTP/1.1,,,OK,,,200,,
null,,,null,,,0x0800,,,192.168.1.1,,,192.168.1.177,,,6,,,38927,,,46380,,,,,,HTTP/1.1,,,OK,,,200,,
null,,,null,,,0x0800,,,192.168.1.1,,,192.168.1.177,,,6,,,38926,,,46380,,,,,,HTTP/1.1,,,OK,,,200,,
null,,,null,,,0x0800,,,192.168.1.177,,,178.33.226.93,,,6,,,40761,,,80,,,nginx/1.4.1,,,HTTP/1.1,,,OK,,,200,,
null,,,null,,,0x0800,,,192.168.1.1,,,192.168.1.177,,,6,,,38929,,,46380,,,,,,HTTP/1.1,,,OK,,,200,,
null,,,null,,,0x0800,,,192.168.1.1,,,192.168.1.177,,,6,,,38928,,,46380,,,,,,HTTP/1.1,,,OK,,,200,,
null,,,null,,,0x0800,,,192.168.1.177,,,192.168.1.1,,,6,,,42631,,,5000,,,OpenWRT/OpenWrt UPnP/1.1 MiniUPnPd/1.9,,,HTTP/1.1,,,OK,,,200,,
null,,,null,,,0x0800,,,192.168.1.248,,,192.168.1.177,,,6,,,49152,,,37341,,,Ubuntu/precise UPnP/1.1 MiniUPnPd/1.7,,,HTTP/1.1,,,OK,,,200,,
null,,,null,,,0x0800,,,192.168.1.248,,,192.168.1.177,,,6,,,49152,,,37340,,,Ubuntu/precise UPnP/1.1 MiniUPnPd/1.7,,,HTTP/1.1,,,OK,,,200,,
null,,,null,,,0x0800,,,192.168.1.248,,,192.168.1.177,,,6,,,49152,,,37343,,,Ubuntu/precise UPnP/1.1 MiniUPnPd/1.7,,,HTTP/1.1,,,OK,,,200,,
null,,,null,,,0x0800,,,192.168.1.248,,,192.168.1.177,,,6,,,49152,,,37342,,,Ubuntu/precise UPnP/1.1 MiniUPnPd/1.7,,,HTTP/1.1,,,OK,,,200,,
null,,,null,,,0x0800,,,192.168.1.248,,,192.168.1.177,,,6,,,49152,,,37345,,,Ubuntu/precise UPnP/1.1 MiniUPnPd/1.7,,,HTTP/1.1,,,OK,,,200,,
null,,,null,,,0x0800,,,192.168.1.248,,,192.168.1.177,,,6,,,49152,,,37344,,,Ubuntu/precise UPnP/1.1 MiniUPnPd/1.7,,,HTTP/1.1,,,OK,,,200,,
null,,,null,,,0x0800,,,192.168.1.248,,,192.168.1.177,,,6,,,49152,,,37347,,,Ubuntu/precise UPnP/1.1 MiniUPnPd/1.7,,,HTTP/1.1,,,OK,,,200,,
null,,,null,,,0x0800,,,192.168.1.248,,,192.168.1.177,,,6,,,49152,,,37346,,,Ubuntu/precise UPnP/1.1 MiniUPnPd/1.7,,,HTTP/1.1,,,OK,,,200,,
null,,,null,,,0x0800,,,192.168.1.248,,,192.168.1.177,,,6,,,49152,,,37335,,,Ubuntu/precise UPnP/1.1 MiniUPnPd/1.7,,,HTTP/1.1,,,OK,,,200,,
null,,,null,,,0x0800,,,192.168.1.248,,,192.168.1.177,,,6,,,49152,,,37339,,,Ubuntu/precise UPnP/1.1 MiniUPnPd/1.7,,,HTTP/1.1,,,OK,,,200,,
null,,,null,,,0x0800,,,192.168.1.177,,,192.168.1.1,,,6,,,42500,,,5000,,,OpenWRT/OpenWrt UPnP/1.1 MiniUPnPd/1.9,,,HTTP/1.1,,,OK,,,200,,
null,,,null,,,0x0800,,,192.168.1.177,,,192.168.1.1,,,6,,,42633,,,5000,,,OpenWRT/OpenWrt UPnP/1.1 MiniUPnPd/1.9,,,HTTP/1.1,,,OK,,,200,,
null,,,null,,,0x0800,,,192.168.1.177,,,192.168.1.1,,,6,,,42632,,,5000,,,OpenWRT/OpenWrt UPnP/1.1 MiniUPnPd/1.9,,,HTTP/1.1,,,OK,,,200,,
null,,,null,,,0x0800,,,192.168.1.177,,,178.33.226.93,,,6,,,40670,,,80,,,nginx/1.4.1,,,HTTP/1.1,,,OK,,,200,,
null,,,null,,,0x0800,,,192.168.1.1,,,192.168.1.177,,,6,,,38931,,,46380,,,,,,HTTP/1.1,,,OK,,,200,,
null,,,null,,,0x0800,,,192.168.1.1,,,192.168.1.177,,,6,,,38930,,,46380,,,,,,HTTP/1.1,,,OK,,,200,,
null,,,null,,,0x0800,,,192.168.1.1,,,192.168.1.177,,,6,,,38933,,,46380,,,,,,HTTP/1.1,,,OK,,,200,,
null,,,null,,,0x0800,,,192.168.1.1,,,192.168.1.177,,,6,,,38932,,,46380,,,,,,HTTP/1.1,,,OK,,,200,,
null,,,null,,,0x0800,,,192.168.1.1,,,192.168.1.177,,,6,,,38935,,,46380,,,,,,HTTP/1.1,,,OK,,,200,,
null,,,null,,,0x0800,,,192.168.1.1,,,192.168.1.177,,,6,,,38934,,,46380,,,,,,HTTP/1.1,,,OK,,,200,,
null,,,null,,,0x0800,,,192.168.1.1,,,192.168.1.177,,,6,,,38937,,,46380,,,,,,HTTP/1.1,,,OK,,,200,,
null,,,null,,,0x0800,,,192.168.1.1,,,192.168.1.177,,,6,,,38936,,,46380,,,,,,HTTP/1.1,,,OK,,,200,,
null,,,null,,,0x0800,,,192.168.1.1,,,192.168.1.177,,,6,,,38939,,,46380,,,,,,HTTP/1.1,,,OK,,,200,,
null,,,null,,,0x0800,,,192.168.1.1,,,192.168.1.177,,,6,,,38938,,,46380,,,,,,HTTP/1.1,,,OK,,,200,,
null,,,null,,,0x0800,,,192.168.1.1,,,192.168.1.177,,,6,,,5000,,,42624,,,OpenWRT/OpenWrt UPnP/1.1 MiniUPnPd/1.9,,,HTTP/1.1,,,OK,,,200,,
null,,,null,,,0x0800,,,192.168.1.1,,,192.168.1.177,,,6,,,5000,,,42625,,,OpenWRT/OpenWrt UPnP/1.1 MiniUPnPd/1.9,,,HTTP/1.1,,,OK,,,200,,
null,,,null,,,0x0800,,,192.168.1.248,,,192.168.1.177,,,6,,,49152,,,37390,,,Ubuntu/precise UPnP/1.1 MiniUPnPd/1.7,,,HTTP/1.1,,,OK,,,200,,
null,,,null,,,0x0800,,,192.168.1.1,,,192.168.1.177,,,6,,,5000,,,42626,,,OpenWRT/OpenWrt UPnP/1.1 MiniUPnPd/1.9,,,HTTP/1.1,,,OK,,,200,,
null,,,null,,,0x0800,,,192.168.1.248,,,192.168.1.177,,,6,,,49152,,,37392,,,Ubuntu/precise UPnP/1.1 MiniUPnPd/1.7,,,HTTP/1.1,,,OK,,,200,,
null,,,null,,,0x0800,,,192.168.1.248,,,192.168.1.177,,,6,,,49152,,,37391,,,Ubuntu/precise UPnP/1.1 MiniUPnPd/1.7,,,HTTP/1.1,,,OK,,,200,,
null,,,null,,,0x0800,,,192.168.1.248,,,192.168.1.177,,,6,,,49152,,,37396,,,Ubuntu/precise UPnP/1.1 MiniUPnPd/1.7,,,HTTP/1.1,,,OK,,,200,,
null,,,null,,,0x0800,,,192.168.1.248,,,192.168.1.177,,,6,,,49152,,,37398,,,Ubuntu/precise UPnP/1.1 MiniUPnPd/1.7,,,HTTP/1.1,,,OK,,,200,,
null,,,null,,,0x0800,,,192.168.1.248,,,192.168.1.177,,,6,,,49152,,,37397,,,Ubuntu/precise UPnP/1.1 MiniUPnPd/1.7,,,HTTP/1.1,,,OK,,,200,,
null,,,null,,,0x0800,,,192.168.1.248,,,192.168.1.177,,,6,,,49152,,,37382,,,Ubuntu/precise UPnP/1.1 MiniUPnPd/1.7,,,HTTP/1.1,,,OK,,,200,,
null,,,null,,,0x0800,,,192.168.1.248,,,192.168.1.177,,,6,,,49152,,,37387,,,Ubuntu/precise UPnP/1.1 MiniUPnPd/1.7,,,HTTP/1.1,,,OK,,,200,,
null,,,null,,,0x0800,,,192.168.1.248,,,192.168.1.177,,,6,,,49152,,,37386,,,Ubuntu/precise UPnP/1.1 MiniUPnPd/1.7,,,HTTP/1.1,,,OK,,,200,,
null,,,null,,,0x0800,,,192.168.1.248,,,192.168.1.177,,,6,,,49152,,,37389,,,Ubuntu/precise UPnP/1.1 MiniUPnPd/1.7,,,HTTP/1.1,,,OK,,,200,,
null,,,null,,,0x0800,,,192.168.1.248,,,192.168.1.177,,,6,,,49152,,,37388,,,Ubuntu/precise UPnP/1.1 MiniUPnPd/1.7,,,HTTP/1.1,,,OK,,,200,,
null,,,null,,,0x0800,,,192.168.1.1,,,192.168.1.177,,,6,,,5000,,,42646,,,OpenWRT/OpenWrt UPnP/1.1 MiniUPnPd/1.9,,,HTTP/1.1,,,OK,,,200,,
null,,,null,,,0x0800,,,192.168.1.1,,,192.168.1.177,,,6,,,5000,,,42647,,,OpenWRT/OpenWrt UPnP/1.1 MiniUPnPd/1.9,,,HTTP/1.1,,,OK,,,200,,
null,,,null,,,0x0800,,,192.168.1.1,,,192.168.1.177,,,6,,,5000,,,42648,,,OpenWRT/OpenWrt UPnP/1.1 MiniUPnPd/1.9,,,HTTP/1.1,,,OK,,,200,,
null,,,null,,,0x0800,,,192.168.1.248,,,192.168.1.177,,,6,,,49152,,,37370,,,Ubuntu/precise UPnP/1.1 MiniUPnPd/1.7,,,HTTP/1.1,,,OK,,,200,,
null,,,null,,,0x0800,,,192.168.1.248,,,192.168.1.177,,,6,,,49152,,,37372,,,Ubuntu/precise UPnP/1.1 MiniUPnPd/1.7,,,HTTP/1.1,,,OK,,,200,,
null,,,null,,,0x0800,,,192.168.1.248,,,192.168.1.177,,,6,,,49152,,,37371,,,Ubuntu/precise UPnP/1.1 MiniUPnPd/1.7,,,HTTP/1.1,,,OK,,,200,,
null,,,null,,,0x0800,,,192.168.1.248,,,192.168.1.177,,,6,,,49152,,,37374,,,Ubuntu/precise UPnP/1.1 MiniUPnPd/1.7,,,HTTP/1.1,,,OK,,,200,,
null,,,null,,,0x0800,,,192.168.1.248,,,192.168.1.177,,,6,,,49152,,,37373,,,Ubuntu/precise UPnP/1.1 MiniUPnPd/1.7,,,HTTP/1.1,,,OK,,,200,,
null,,,null,,,0x0800,,,192.168.1.248,,,192.168.1.177,,,6,,,49152,,,37376,,,Ubuntu/precise UPnP/1.1 MiniUPnPd/1.7,,,HTTP/1.1,,,OK,,,200,,
null,,,null,,,0x0800,,,192.168.1.248,,,192.168.1.177,,,6,,,49152,,,37375,,,Ubuntu/precise UPnP/1.1 MiniUPnPd/1.7,,,HTTP/1.1,,,OK,,,200,,
null,,,null,,,0x0800,,,192.168.1.1,,,192.168.1.177,,,6,,,5000,,,42654,,,OpenWRT/OpenWrt UPnP/1.1 MiniUPnPd/1.9,,,HTTP/1.1,,,OK,,,200,,
null,,,null,,,0x0800,,,192.168.1.1,,,192.168.1.177,,,6,,,5000,,,42655,,,OpenWRT/OpenWrt UPnP/1.1 MiniUPnPd/1.9,,,HTTP/1.1,,,OK,,,200,,
null,,,null,,,0x0800,,,192.168.1.1,,,192.168.1.177,,,6,,,5000,,,42656,,,OpenWRT/OpenWrt UPnP/1.1 MiniUPnPd/1.9,,,HTTP/1.1,,,OK,,,200,,
null,,,null,,,0x0800,,,192.168.1.248,,,192.168.1.177,,,6,,,49152,,,37363,,,Ubuntu/precise UPnP/1.1 MiniUPnPd/1.7,,,HTTP/1.1,,,OK,,,200,,
null,,,null,,,0x0800,,,192.168.1.248,,,192.168.1.177,,,6,,,49152,,,37365,,,Ubuntu/precise UPnP/1.1 MiniUPnPd/1.7,,,HTTP/1.1,,,OK,,,200,,
null,,,null,,,0x0800,,,192.168.1.248,,,192.168.1.177,,,6,,,49152,,,37364,,,Ubuntu/precise UPnP/1.1 MiniUPnPd/1.7,,,HTTP/1.1,,,OK,,,200,,
null,,,null,,,0x0800,,,192.168.1.248,,,192.168.1.177,,,6,,,49152,,,37367,,,Ubuntu/precise UPnP/1.1 MiniUPnPd/1.7,,,HTTP/1.1,,,OK,,,200,,
null,,,null,,,0x0800,,,192.168.1.248,,,192.168.1.177,,,6,,,49152,,,37366,,,Ubuntu/precise UPnP/1.1 MiniUPnPd/1.7,,,HTTP/1.1,,,OK,,,200,,
null,,,null,,,0x0800,,,192.168.1.248,,,192.168.1.177,,,6,,,49152,,,37369,,,Ubuntu/precise UPnP/1.1 MiniUPnPd/1.7,,,HTTP/1.1,,,OK,,,200,,
null,,,null,,,0x0800,,,192.168.1.248,,,192.168.1.177,,,6,,,49152,,,37368,,,Ubuntu/precise UPnP/1.1 MiniUPnPd/1.7,,,HTTP/1.1,,,OK,,,200,,
null,,,null,,,0x0800,,,192.168.1.1,,,192.168.1.177,,,6,,,5000,,,42661,,,OpenWRT/OpenWrt UPnP/1.1 MiniUPnPd/1.9,,,HTTP/1.1,,,OK,,,200,,
null,,,null,,,0x0800,,,192.168.1.1,,,192.168.1.177,,,6,,,5000,,,42662,,,OpenWRT/OpenWrt UPnP/1.1 MiniUPnPd/1.9,,,HTTP/1.1,,,OK,,,200,,
null,,,null,,,0x0800,,,192.168.1.1,,,192.168.1.177,,,6,,,5000,,,42663,,,OpenWRT/OpenWrt UPnP/1.1 MiniUPnPd/1.9,,,HTTP/1.1,,,OK,,,200,,
null,,,null,,,0x0800,,,192.168.1.1,,,192.168.1.177,,,6,,,5000,,,42667,,,OpenWRT/OpenWrt UPnP/1.1 MiniUPnPd/1.9,,,HTTP/1.1,,,OK,,,200,,
null,,,null,,,0x0800,,,192.168.1.1,,,192.168.1.177,,,6,,,5000,,,42668,,,OpenWRT/OpenWrt UPnP/1.1 MiniUPnPd/1.9,,,HTTP/1.1,,,OK,,,200,,
null,,,null,,,0x0800,,,192.168.1.1,,,192.168.1.177,,,6,,,5000,,,42669,,,OpenWRT/OpenWrt UPnP/1.1 MiniUPnPd/1.9,,,HTTP/1.1,,,OK,,,200,,
null,,,null,,,0x0800,,,192.168.1.248,,,192.168.1.177,,,6,,,49152,,,37352,,,Ubuntu/precise UPnP/1.1 MiniUPnPd/1.7,,,HTTP/1.1,,,OK,,,200,,
null,,,null,,,0x0800,,,192.168.1.248,,,192.168.1.177,,,6,,,49152,,,37351,,,Ubuntu/precise UPnP/1.1 MiniUPnPd/1.7,,,HTTP/1.1,,,OK,,,200,,
null,,,null,,,0x0800,,,192.168.1.248,,,192.168.1.177,,,6,,,49152,,,37354,,,Ubuntu/precise UPnP/1.1 MiniUPnPd/1.7,,,HTTP/1.1,,,OK,,,200,,
null,,,null,,,0x0800,,,192.168.1.248,,,192.168.1.177,,,6,,,49152,,,37353,,,Ubuntu/precise UPnP/1.1 MiniUPnPd/1.7,,,HTTP/1.1,,,OK,,,200,,
null,,,null,,,0x0800,,,192.168.1.248,,,192.168.1.177,,,6,,,49152,,,37356,,,Ubuntu/precise UPnP/1.1 MiniUPnPd/1.7,,,HTTP/1.1,,,OK,,,200,,
null,,,null,,,0x0800,,,192.168.1.248,,,192.168.1.177,,,6,,,49152,,,37355,,,Ubuntu/precise UPnP/1.1 MiniUPnPd/1.7,,,HTTP/1.1,,,OK,,,200,,
null,,,null,,,0x0800,,,192.168.1.248,,,192.168.1.177,,,6,,,49152,,,37358,,,Ubuntu/precise UPnP/1.1 MiniUPnPd/1.7,,,HTTP/1.1,,,OK,,,200,,
null,,,null,,,0x0800,,,192.168.1.248,,,192.168.1.177,,,6,,,49152,,,37357,,,Ubuntu/precise UPnP/1.1 MiniUPnPd/1.7,,,HTTP/1.1,,,OK,,,200,,
null,,,null,,,0x0800,,,192.168.1.248,,,192.168.1.177,,,6,,,49152,,,37359,,,Ubuntu/precise UPnP/1.1 MiniUPnPd/1.7,,,HTTP/1.1,,,OK,,,200,,
null,,,null,,,0x0800,,,192.168.1.248,,,192.168.1.177,,,6,,,49152,,,37460,,,Ubuntu/precise UPnP/1.1 MiniUPnPd/1.7,,,HTTP/1.1,,,OK,,,200,,
null,,,null,,,0x0800,,,192.168.1.248,,,192.168.1.177,,,6,,,49152,,,37461,,,Ubuntu/precise UPnP/1.1 MiniUPnPd/1.7,,,HTTP/1.1,,,OK,,,200,,
null,,,null,,,0x0800,,,192.168.1.248,,,192.168.1.177,,,6,,,49152,,,37464,,,Ubuntu/precise UPnP/1.1 MiniUPnPd/1.7,,,HTTP/1.1,,,OK,,,200,,
null,,,null,,,0x0800,,,192.168.1.248,,,192.168.1.177,,,6,,,49152,,,37463,,,Ubuntu/precise UPnP/1.1 MiniUPnPd/1.7,,,HTTP/1.1,,,OK,,,200,,
null,,,null,,,0x0800,,,192.168.1.248,,,192.168.1.177,,,6,,,49152,,,37468,,,Ubuntu/precise UPnP/1.1 MiniUPnPd/1.7,,,HTTP/1.1,,,OK,,,200,,
null,,,null,,,0x0800,,,192.168.1.248,,,192.168.1.177,,,6,,,49152,,,37469,,,Ubuntu/precise UPnP/1.1 MiniUPnPd/1.7,,,HTTP/1.1,,,OK,,,200,,
null,,,null,,,0x0800,,,192.168.1.248,,,192.168.1.177,,,6,,,49152,,,37450,,,Ubuntu/precise UPnP/1.1 MiniUPnPd/1.7,,,HTTP/1.1,,,OK,,,200,,
null,,,null,,,0x0800,,,192.168.1.248,,,192.168.1.177,,,6,,,49152,,,37455,,,Ubuntu/precise UPnP/1.1 MiniUPnPd/1.7,,,HTTP/1.1,,,OK,,,200,,
null,,,null,,,0x0800,,,192.168.1.248,,,192.168.1.177,,,6,,,49152,,,37454,,,Ubuntu/precise UPnP/1.1 MiniUPnPd/1.7,,,HTTP/1.1,,,OK,,,200,,
null,,,null,,,0x0800,,,192.168.1.248,,,192.168.1.177,,,6,,,49152,,,37456,,,Ubuntu/precise UPnP/1.1 MiniUPnPd/1.7,,,HTTP/1.1,,,OK,,,200,,
null,,,null,,,0x0800,,,192.168.1.248,,,192.168.1.177,,,6,,,49152,,,37440,,,Ubuntu/precise UPnP/1.1 MiniUPnPd/1.7,,,HTTP/1.1,,,OK,,,200,,
null,,,null,,,0x0800,,,192.168.1.248,,,192.168.1.177,,,6,,,49152,,,37444,,,Ubuntu/precise UPnP/1.1 MiniUPnPd/1.7,,,HTTP/1.1,,,OK,,,200,,
null,,,null,,,0x0800,,,192.168.1.248,,,192.168.1.177,,,6,,,49152,,,37446,,,Ubuntu/precise UPnP/1.1 MiniUPnPd/1.7,,,HTTP/1.1,,,OK,,,200,,
null,,,null,,,0x0800,,,192.168.1.248,,,192.168.1.177,,,6,,,49152,,,37445,,,Ubuntu/precise UPnP/1.1 MiniUPnPd/1.7,,,HTTP/1.1,,,OK,,,200,,
null,,,null,,,0x0800,,,192.168.1.248,,,192.168.1.177,,,6,,,49152,,,37448,,,Ubuntu/precise UPnP/1.1 MiniUPnPd/1.7,,,HTTP/1.1,,,OK,,,200,,
null,,,null,,,0x0800,,,192.168.1.248,,,192.168.1.177,,,6,,,49152,,,37447,,,Ubuntu/precise UPnP/1.1 MiniUPnPd/1.7,,,HTTP/1.1,,,OK,,,200,,
null,,,null,,,0x0800,,,192.168.1.248,,,192.168.1.177,,,6,,,49152,,,37449,,,Ubuntu/precise UPnP/1.1 MiniUPnPd/1.7,,,HTTP/1.1,,,OK,,,200,,
null,,,null,,,0x0800,,,192.168.1.177,,,178.33.226.93,,,6,,,58631,,,80,,,nginx/1.4.1,,,HTTP/1.1,,,OK,,,200,,
null,,,null,,,0x0800,,,192.168.1.248,,,192.168.1.177,,,6,,,49152,,,37431,,,Ubuntu/precise UPnP/1.1 MiniUPnPd/1.7,,,HTTP/1.1,,,OK,,,200,,
null,,,null,,,0x0800,,,192.168.1.248,,,192.168.1.177,,,6,,,49152,,,37430,,,Ubuntu/precise UPnP/1.1 MiniUPnPd/1.7,,,HTTP/1.1,,,OK,,,200,,
null,,,null,,,0x0800,,,192.168.1.248,,,192.168.1.177,,,6,,,49152,,,37433,,,Ubuntu/precise UPnP/1.1 MiniUPnPd/1.7,,,HTTP/1.1,,,OK,,,200,,
null,,,null,,,0x0800,,,192.168.1.248,,,192.168.1.177,,,6,,,49152,,,37432,,,Ubuntu/precise UPnP/1.1 MiniUPnPd/1.7,,,HTTP/1.1,,,OK,,,200,,
null,,,null,,,0x0800,,,192.168.1.248,,,192.168.1.177,,,6,,,49152,,,37435,,,Ubuntu/precise UPnP/1.1 MiniUPnPd/1.7,,,HTTP/1.1,,,OK,,,200,,
null,,,null,,,0x0800,,,192.168.1.248,,,192.168.1.177,,,6,,,49152,,,37434,,,Ubuntu/precise UPnP/1.1 MiniUPnPd/1.7,,,HTTP/1.1,,,OK,,,200,,
null,,,null,,,0x0800,,,192.168.1.248,,,192.168.1.177,,,6,,,49152,,,37437,,,Ubuntu/precise UPnP/1.1 MiniUPnPd/1.7,,,HTTP/1.1,,,OK,,,200,,
null,,,null,,,0x0800,,,192.168.1.248,,,192.168.1.177,,,6,,,49152,,,37436,,,Ubuntu/precise UPnP/1.1 MiniUPnPd/1.7,,,HTTP/1.1,,,OK,,,200,,
null,,,null,,,0x0800,,,192.168.1.248,,,192.168.1.177,,,6,,,49152,,,37439,,,Ubuntu/precise UPnP/1.1 MiniUPnPd/1.7,,,HTTP/1.1,,,OK,,,200,,
null,,,null,,,0x0800,,,192.168.1.248,,,192.168.1.177,,,6,,,49152,,,37438,,,Ubuntu/precise UPnP/1.1 MiniUPnPd/1.7,,,HTTP/1.1,,,OK,,,200,,
null,,,null,,,0x0800,,,192.168.1.248,,,192.168.1.177,,,6,,,49152,,,37420,,,Ubuntu/precise UPnP/1.1 MiniUPnPd/1.7,,,HTTP/1.1,,,OK,,,200,,
null,,,null,,,0x0800,,,192.168.1.248,,,192.168.1.177,,,6,,,49152,,,37422,,,Ubuntu/precise UPnP/1.1 MiniUPnPd/1.7,,,HTTP/1.1,,,OK,,,200,,
null,,,null,,,0x0800,,,192.168.1.248,,,192.168.1.177,,,6,,,49152,,,37421,,,Ubuntu/precise UPnP/1.1 MiniUPnPd/1.7,,,HTTP/1.1,,,OK,,,200,,
null,,,null,,,0x0800,,,192.168.1.248,,,192.168.1.177,,,6,,,49152,,,37428,,,Ubuntu/precise UPnP/1.1 MiniUPnPd/1.7,,,HTTP/1.1,,,OK,,,200,,
null,,,null,,,0x0800,,,192.168.1.248,,,192.168.1.177,,,6,,,49152,,,37427,,,Ubuntu/precise UPnP/1.1 MiniUPnPd/1.7,,,HTTP/1.1,,,OK,,,200,,
null,,,null,,,0x0800,,,192.168.1.248,,,192.168.1.177,,,6,,,49152,,,37429,,,Ubuntu/precise UPnP/1.1 MiniUPnPd/1.7,,,HTTP/1.1,,,OK,,,200,,
null,,,null,,,0x0800,,,192.168.1.248,,,192.168.1.177,,,6,,,49152,,,37411,,,Ubuntu/precise UPnP/1.1 MiniUPnPd/1.7,,,HTTP/1.1,,,OK,,,200,,
null,,,null,,,0x0800,,,192.168.1.248,,,192.168.1.177,,,6,,,49152,,,37410,,,Ubuntu/precise UPnP/1.1 MiniUPnPd/1.7,,,HTTP/1.1,,,OK,,,200,,
null,,,null,,,0x0800,,,192.168.1.248,,,192.168.1.177,,,6,,,49152,,,37413,,,Ubuntu/precise UPnP/1.1 MiniUPnPd/1.7,,,HTTP/1.1,,,OK,,,200,,
null,,,null,,,0x0800,,,192.168.1.248,,,192.168.1.177,,,6,,,49152,,,37412,,,Ubuntu/precise UPnP/1.1 MiniUPnPd/1.7,,,HTTP/1.1,,,OK,,,200,,
null,,,null,,,0x0800,,,192.168.1.248,,,192.168.1.177,,,6,,,49152,,,37415,,,Ubuntu/precise UPnP/1.1 MiniUPnPd/1.7,,,HTTP/1.1,,,OK,,,200,,
null,,,null,,,0x0800,,,192.168.1.248,,,192.168.1.177,,,6,,,49152,,,37417,,,Ubuntu/precise UPnP/1.1 MiniUPnPd/1.7,,,HTTP/1.1,,,OK,,,200,,
null,,,null,,,0x0800,,,192.168.1.248,,,192.168.1.177,,,6,,,49152,,,37416,,,Ubuntu/precise UPnP/1.1 MiniUPnPd/1.7,,,HTTP/1.1,,,OK,,,200,,
null,,,null,,,0x0800,,,192.168.1.248,,,192.168.1.177,,,6,,,49152,,,37419,,,Ubuntu/precise UPnP/1.1 MiniUPnPd/1.7,,,HTTP/1.1,,,OK,,,200,,
null,,,null,,,0x0800,,,192.168.1.248,,,192.168.1.177,,,6,,,49152,,,37418,,,Ubuntu/precise UPnP/1.1 MiniUPnPd/1.7,,,HTTP/1.1,,,OK,,,200,,
null,,,null,,,0x0800,,,192.168.1.248,,,192.168.1.177,,,6,,,49152,,,37402,,,Ubuntu/precise UPnP/1.1 MiniUPnPd/1.7,,,HTTP/1.1,,,OK,,,200,,
null,,,null,,,0x0800,,,192.168.1.248,,,192.168.1.177,,,6,,,49152,,,37404,,,Ubuntu/precise UPnP/1.1 MiniUPnPd/1.7,,,HTTP/1.1,,,OK,,,200,,
null,,,null,,,0x0800,,,192.168.1.248,,,192.168.1.177,,,6,,,49152,,,37403,,,Ubuntu/precise UPnP/1.1 MiniUPnPd/1.7,,,HTTP/1.1,,,OK,,,200,,
null,,,null,,,0x0800,,,192.168.1.248,,,192.168.1.177,,,6,,,49152,,,37406,,,Ubuntu/precise UPnP/1.1 MiniUPnPd/1.7,,,HTTP/1.1,,,OK,,,200,,
null,,,null,,,0x0800,,,192.168.1.248,,,192.168.1.177,,,6,,,49152,,,37405,,,Ubuntu/precise UPnP/1.1 MiniUPnPd/1.7,,,HTTP/1.1,,,OK,,,200,,
null,,,null,,,0x0800,,,192.168.1.248,,,192.168.1.177,,,6,,,49152,,,37408,,,Ubuntu/precise UPnP/1.1 MiniUPnPd/1.7,,,HTTP/1.1,,,OK,,,200,,
null,,,null,,,0x0800,,,192.168.1.248,,,192.168.1.177,,,6,,,49152,,,37407,,,Ubuntu/precise UPnP/1.1 MiniUPnPd/1.7,,,HTTP/1.1,,,OK,,,200,,
null,,,null,,,0x0800,,,192.168.1.248,,,192.168.1.177,,,6,,,49152,,,37409,,,Ubuntu/precise UPnP/1.1 MiniUPnPd/1.7,,,HTTP/1.1,,,OK,,,200,,
null,,,null,,,0x0800,,,178.33.226.93,,,192.168.1.177,,,6,,,80,,,53633,,,nginx/1.4.1,,,HTTP/1.1,,,OK,,,200,,
null,,,null,,,0x0800,,,192.168.1.1,,,192.168.1.177,,,6,,,38941,,,46380,,,,,,HTTP/1.1,,,OK,,,200,,
null,,,null,,,0x0800,,,192.168.1.1,,,192.168.1.177,,,6,,,38940,,,46380,,,,,,HTTP/1.1,,,OK,,,200,,
null,,,null,,,0x0800,,,192.168.1.1,,,192.168.1.177,,,6,,,38943,,,46380,,,,,,HTTP/1.1,,,OK,,,200,,
null,,,null,,,0x0800,,,192.168.1.1,,,192.168.1.177,,,6,,,38942,,,46380,,,,,,HTTP/1.1,,,OK,,,200,,
null,,,null,,,0x0800,,,192.168.1.1,,,192.168.1.177,,,6,,,38945,,,46380,,,,,,HTTP/1.1,,,OK,,,200,,
null,,,null,,,0x0800,,,192.168.1.1,,,192.168.1.177,,,6,,,38944,,,46380,,,,,,HTTP/1.1,,,OK,,,200,,
null,,,null,,,0x0800,,,192.168.1.1,,,192.168.1.177,,,6,,,38947,,,46380,,,,,,HTTP/1.1,,,OK,,,200,,
null,,,null,,,0x0800,,,192.168.1.1,,,192.168.1.177,,,6,,,38946,,,46380,,,,,,HTTP/1.1,,,OK,,,200,,
null,,,null,,,0x0800,,,192.168.1.1,,,192.168.1.177,,,6,,,38949,,,46380,,,,,,HTTP/1.1,,,OK,,,200,,
null,,,null,,,0x0800,,,192.168.1.1,,,192.168.1.177,,,6,,,38948,,,46380,,,,,,HTTP/1.1,,,OK,,,200,,
null,,,null,,,0x0800,,,192.168.1.248,,,192.168.1.177,,,6,,,49152,,,37491,,,Ubuntu/precise UPnP/1.1 MiniUPnPd/1.7,,,HTTP/1.1,,,OK,,,200,,
null,,,null,,,0x0800,,,192.168.1.248,,,192.168.1.177,,,6,,,49152,,,37490,,,Ubuntu/precise UPnP/1.1 MiniUPnPd/1.7,,,HTTP/1.1,,,OK,,,200,,
null,,,null,,,0x0800,,,192.168.1.248,,,192.168.1.177,,,6,,,49152,,,37492,,,Ubuntu/precise UPnP/1.1 MiniUPnPd/1.7,,,HTTP/1.1,,,OK,,,200,,
null,,,null,,,0x0800,,,192.168.1.248,,,192.168.1.177,,,6,,,49152,,,37499,,,Ubuntu/precise UPnP/1.1 MiniUPnPd/1.7,,,HTTP/1.1,,,OK,,,200,,
null,,,null,,,0x0800,,,192.168.1.248,,,192.168.1.177,,,6,,,49152,,,37498,,,Ubuntu/precise UPnP/1.1 MiniUPnPd/1.7,,,HTTP/1.1,,,OK,,,200,,
null,,,null,,,0x0800,,,192.168.1.248,,,192.168.1.177,,,6,,,49152,,,37482,,,Ubuntu/precise UPnP/1.1 MiniUPnPd/1.7,,,HTTP/1.1,,,OK,,,200,,
null,,,null,,,0x0800,,,192.168.1.248,,,192.168.1.177,,,6,,,49152,,,37484,,,Ubuntu/precise UPnP/1.1 MiniUPnPd/1.7,,,HTTP/1.1,,,OK,,,200,,
null,,,null,,,0x0800,,,192.168.1.248,,,192.168.1.177,,,6,,,49152,,,37483,,,Ubuntu/precise UPnP/1.1 MiniUPnPd/1.7,,,HTTP/1.1,,,OK,,,200,,
null,,,null,,,0x0800,,,192.168.1.248,,,192.168.1.177,,,6,,,49152,,,37486,,,Ubuntu/precise UPnP/1.1 MiniUPnPd/1.7,,,HTTP/1.1,,,OK,,,200,,
null,,,null,,,0x0800,,,192.168.1.248,,,192.168.1.177,,,6,,,49152,,,37485,,,Ubuntu/precise UPnP/1.1 MiniUPnPd/1.7,,,HTTP/1.1,,,OK,,,200,,
null,,,null,,,0x0800,,,192.168.1.248,,,192.168.1.177,,,6,,,49152,,,37488,,,Ubuntu/precise UPnP/1.1 MiniUPnPd/1.7,,,HTTP/1.1,,,OK,,,200,,
null,,,null,,,0x0800,,,192.168.1.248,,,192.168.1.177,,,6,,,49152,,,37487,,,Ubuntu/precise UPnP/1.1 MiniUPnPd/1.7,,,HTTP/1.1,,,OK,,,200,,
null,,,null,,,0x0800,,,192.168.1.248,,,192.168.1.177,,,6,,,49152,,,37489,,,Ubuntu/precise UPnP/1.1 MiniUPnPd/1.7,,,HTTP/1.1,,,OK,,,200,,
null,,,null,,,0x0800,,,192.168.1.248,,,192.168.1.177,,,6,,,49152,,,37471,,,Ubuntu/precise UPnP/1.1 MiniUPnPd/1.7,,,HTTP/1.1,,,OK,,,200,,
null,,,null,,,0x0800,,,192.168.1.248,,,192.168.1.177,,,6,,,49152,,,37470,,,Ubuntu/precise UPnP/1.1 MiniUPnPd/1.7,,,HTTP/1.1,,,OK,,,200,,
null,,,null,,,0x0800,,,192.168.1.248,,,192.168.1.177,,,6,,,49152,,,37473,,,Ubuntu/precise UPnP/1.1 MiniUPnPd/1.7,,,HTTP/1.1,,,OK,,,200,,
null,,,null,,,0x0800,,,192.168.1.248,,,192.168.1.177,,,6,,,49152,,,37472,,,Ubuntu/precise UPnP/1.1 MiniUPnPd/1.7,,,HTTP/1.1,,,OK,,,200,,
null,,,null,,,0x0800,,,192.168.1.248,,,192.168.1.177,,,6,,,49152,,,37475,,,Ubuntu/precise UPnP/1.1 MiniUPnPd/1.7,,,HTTP/1.1,,,OK,,,200,,
null,,,null,,,0x0800,,,192.168.1.248,,,192.168.1.177,,,6,,,49152,,,37474,,,Ubuntu/precise UPnP/1.1 MiniUPnPd/1.7,,,HTTP/1.1,,,OK,,,200,,
null,,,null,,,0x0800,,,192.168.1.248,,,192.168.1.177,,,6,,,49152,,,37477,,,Ubuntu/precise UPnP/1.1 MiniUPnPd/1.7,,,HTTP/1.1,,,OK,,,200,,
null,,,null,,,0x0800,,,192.168.1.248,,,192.168.1.177,,,6,,,49152,,,37476,,,Ubuntu/precise UPnP/1.1 MiniUPnPd/1.7,,,HTTP/1.1,,,OK,,,200,,
null,,,null,,,0x0800,,,192.168.1.248,,,192.168.1.177,,,6,,,49152,,,37478,,,Ubuntu/precise UPnP/1.1 MiniUPnPd/1.7,,,HTTP/1.1,,,OK,,,200,,
null,,,null,,,0x0800,,,192.168.1.248,,,192.168.1.177,,,6,,,49152,,,37572,,,Ubuntu/precise UPnP/1.1 MiniUPnPd/1.7,,,HTTP/1.1,,,OK,,,200,,
null,,,null,,,0x0800,,,192.168.1.248,,,192.168.1.177,,,6,,,49152,,,37571,,,Ubuntu/precise UPnP/1.1 MiniUPnPd/1.7,,,HTTP/1.1,,,OK,,,200,,
null,,,null,,,0x0800,,,192.168.1.248,,,192.168.1.177,,,6,,,49152,,,37574,,,Ubuntu/precise UPnP/1.1 MiniUPnPd/1.7,,,HTTP/1.1,,,OK,,,200,,
null,,,null,,,0x0800,,,192.168.1.248,,,192.168.1.177,,,6,,,49152,,,37573,,,Ubuntu/precise UPnP/1.1 MiniUPnPd/1.7,,,HTTP/1.1,,,OK,,,200,,
null,,,null,,,0x0800,,,192.168.1.248,,,192.168.1.177,,,6,,,49152,,,37576,,,Ubuntu/precise UPnP/1.1 MiniUPnPd/1.7,,,HTTP/1.1,,,OK,,,200,,
null,,,null,,,0x0800,,,192.168.1.248,,,192.168.1.177,,,6,,,49152,,,37575,,,Ubuntu/precise UPnP/1.1 MiniUPnPd/1.7,,,HTTP/1.1,,,OK,,,200,,
null,,,null,,,0x0800,,,192.168.1.248,,,192.168.1.177,,,6,,,49152,,,37561,,,Ubuntu/precise UPnP/1.1 MiniUPnPd/1.7,,,HTTP/1.1,,,OK,,,200,,
null,,,null,,,0x0800,,,192.168.1.248,,,192.168.1.177,,,6,,,49152,,,37560,,,Ubuntu/precise UPnP/1.1 MiniUPnPd/1.7,,,HTTP/1.1,,,OK,,,200,,
null,,,null,,,0x0800,,,192.168.1.248,,,192.168.1.177,,,6,,,49152,,,37565,,,Ubuntu/precise UPnP/1.1 MiniUPnPd/1.7,,,HTTP/1.1,,,OK,,,200,,
null,,,null,,,0x0800,,,192.168.1.248,,,192.168.1.177,,,6,,,49152,,,37567,,,Ubuntu/precise UPnP/1.1 MiniUPnPd/1.7,,,HTTP/1.1,,,OK,,,200,,
null,,,null,,,0x0800,,,192.168.1.248,,,192.168.1.177,,,6,,,49152,,,37566,,,Ubuntu/precise UPnP/1.1 MiniUPnPd/1.7,,,HTTP/1.1,,,OK,,,200,,
null,,,null,,,0x0800,,,192.168.1.248,,,192.168.1.177,,,6,,,49152,,,37550,,,Ubuntu/precise UPnP/1.1 MiniUPnPd/1.7,,,HTTP/1.1,,,OK,,,200,,
null,,,null,,,0x0800,,,192.168.1.248,,,192.168.1.177,,,6,,,49152,,,37552,,,Ubuntu/precise UPnP/1.1 MiniUPnPd/1.7,,,HTTP/1.1,,,OK,,,200,,
null,,,null,,,0x0800,,,192.168.1.248,,,192.168.1.177,,,6,,,49152,,,37551,,,Ubuntu/precise UPnP/1.1 MiniUPnPd/1.7,,,HTTP/1.1,,,OK,,,200,,
null,,,null,,,0x0800,,,192.168.1.248,,,192.168.1.177,,,6,,,49152,,,37554,,,Ubuntu/precise UPnP/1.1 MiniUPnPd/1.7,,,HTTP/1.1,,,OK,,,200,,
null,,,null,,,0x0800,,,192.168.1.248,,,192.168.1.177,,,6,,,49152,,,37553,,,Ubuntu/precise UPnP/1.1 MiniUPnPd/1.7,,,HTTP/1.1,,,OK,,,200,,
null,,,null,,,0x0800,,,192.168.1.248,,,192.168.1.177,,,6,,,49152,,,37558,,,Ubuntu/precise UPnP/1.1 MiniUPnPd/1.7,,,HTTP/1.1,,,OK,,,200,,
null,,,null,,,0x0800,,,192.168.1.248,,,192.168.1.177,,,6,,,49152,,,37559,,,Ubuntu/precise UPnP/1.1 MiniUPnPd/1.7,,,HTTP/1.1,,,OK,,,200,,
null,,,null,,,0x0800,,,192.168.1.248,,,192.168.1.177,,,6,,,49152,,,37540,,,Ubuntu/precise UPnP/1.1 MiniUPnPd/1.7,,,HTTP/1.1,,,OK,,,200,,
null,,,null,,,0x0800,,,192.168.1.248,,,192.168.1.177,,,6,,,49152,,,37545,,,Ubuntu/precise UPnP/1.1 MiniUPnPd/1.7,,,HTTP/1.1,,,OK,,,200,,
null,,,null,,,0x0800,,,192.168.1.248,,,192.168.1.177,,,6,,,49152,,,37546,,,Ubuntu/precise UPnP/1.1 MiniUPnPd/1.7,,,HTTP/1.1,,,OK,,,200,,
null,,,null,,,0x0800,,,192.168.1.248,,,192.168.1.177,,,6,,,49152,,,37530,,,Ubuntu/precise UPnP/1.1 MiniUPnPd/1.7,,,HTTP/1.1,,,OK,,,200,,
null,,,null,,,0x0800,,,192.168.1.248,,,192.168.1.177,,,6,,,49152,,,37531,,,Ubuntu/precise UPnP/1.1 MiniUPnPd/1.7,,,HTTP/1.1,,,OK,,,200,,
null,,,null,,,0x0800,,,192.168.1.248,,,192.168.1.177,,,6,,,49152,,,37536,,,Ubuntu/precise UPnP/1.1 MiniUPnPd/1.7,,,HTTP/1.1,,,OK,,,200,,
null,,,null,,,0x0800,,,192.168.1.248,,,192.168.1.177,,,6,,,49152,,,37535,,,Ubuntu/precise UPnP/1.1 MiniUPnPd/1.7,,,HTTP/1.1,,,OK,,,200,,
null,,,null,,,0x0800,,,192.168.1.248,,,192.168.1.177,,,6,,,49152,,,37538,,,Ubuntu/precise UPnP/1.1 MiniUPnPd/1.7,,,HTTP/1.1,,,OK,,,200,,
null,,,null,,,0x0800,,,192.168.1.248,,,192.168.1.177,,,6,,,49152,,,37537,,,Ubuntu/precise UPnP/1.1 MiniUPnPd/1.7,,,HTTP/1.1,,,OK,,,200,,
null,,,null,,,0x0800,,,192.168.1.248,,,192.168.1.177,,,6,,,49152,,,37539,,,Ubuntu/precise UPnP/1.1 MiniUPnPd/1.7,,,HTTP/1.1,,,OK,,,200,,
null,,,null,,,0x0800,,,192.168.1.248,,,192.168.1.177,,,6,,,49152,,,37521,,,Ubuntu/precise UPnP/1.1 MiniUPnPd/1.7,,,HTTP/1.1,,,OK,,,200,,
null,,,null,,,0x0800,,,192.168.1.248,,,192.168.1.177,,,6,,,49152,,,37523,,,Ubuntu/precise UPnP/1.1 MiniUPnPd/1.7,,,HTTP/1.1,,,OK,,,200,,
null,,,null,,,0x0800,,,192.168.1.248,,,192.168.1.177,,,6,,,49152,,,37522,,,Ubuntu/precise UPnP/1.1 MiniUPnPd/1.7,,,HTTP/1.1,,,OK,,,200,,
null,,,null,,,0x0800,,,192.168.1.248,,,192.168.1.177,,,6,,,49152,,,37524,,,Ubuntu/precise UPnP/1.1 MiniUPnPd/1.7,,,HTTP/1.1,,,OK,,,200,,
null,,,null,,,0x0800,,,192.168.1.248,,,192.168.1.177,,,6,,,49152,,,37529,,,Ubuntu/precise UPnP/1.1 MiniUPnPd/1.7,,,HTTP/1.1,,,OK,,,200,,
null,,,null,,,0x0800,,,192.168.1.248,,,192.168.1.177,,,6,,,49152,,,37528,,,Ubuntu/precise UPnP/1.1 MiniUPnPd/1.7,,,HTTP/1.1,,,OK,,,200,,
null,,,null,,,0x0800,,,192.168.1.248,,,192.168.1.177,,,6,,,49152,,,37510,,,Ubuntu/precise UPnP/1.1 MiniUPnPd/1.7,,,HTTP/1.1,,,OK,,,200,,
null,,,null,,,0x0800,,,192.168.1.248,,,192.168.1.177,,,6,,,49152,,,37512,,,Ubuntu/precise UPnP/1.1 MiniUPnPd/1.7,,,HTTP/1.1,,,OK,,,200,,
null,,,null,,,0x0800,,,192.168.1.248,,,192.168.1.177,,,6,,,49152,,,37511,,,Ubuntu/precise UPnP/1.1 MiniUPnPd/1.7,,,HTTP/1.1,,,OK,,,200,,
null,,,null,,,0x0800,,,192.168.1.248,,,192.168.1.177,,,6,,,49152,,,37514,,,Ubuntu/precise UPnP/1.1 MiniUPnPd/1.7,,,HTTP/1.1,,,OK,,,200,,
null,,,null,,,0x0800,,,192.168.1.248,,,192.168.1.177,,,6,,,49152,,,37513,,,Ubuntu/precise UPnP/1.1 MiniUPnPd/1.7,,,HTTP/1.1,,,OK,,,200,,
null,,,null,,,0x0800,,,192.168.1.248,,,192.168.1.177,,,6,,,49152,,,37516,,,Ubuntu/precise UPnP/1.1 MiniUPnPd/1.7,,,HTTP/1.1,,,OK,,,200,,
null,,,null,,,0x0800,,,192.168.1.248,,,192.168.1.177,,,6,,,49152,,,37515,,,Ubuntu/precise UPnP/1.1 MiniUPnPd/1.7,,,HTTP/1.1,,,OK,,,200,,
null,,,null,,,0x0800,,,192.168.1.248,,,192.168.1.177,,,6,,,49152,,,37518,,,Ubuntu/precise UPnP/1.1 MiniUPnPd/1.7,,,HTTP/1.1,,,OK,,,200,,
null,,,null,,,0x0800,,,192.168.1.248,,,192.168.1.177,,,6,,,49152,,,37517,,,Ubuntu/precise UPnP/1.1 MiniUPnPd/1.7,,,HTTP/1.1,,,OK,,,200,,
null,,,null,,,0x0800,,,192.168.1.248,,,192.168.1.177,,,6,,,49152,,,37501,,,Ubuntu/precise UPnP/1.1 MiniUPnPd/1.7,,,HTTP/1.1,,,OK,,,200,,
null,,,null,,,0x0800,,,192.168.1.248,,,192.168.1.177,,,6,,,49152,,,37500,,,Ubuntu/precise UPnP/1.1 MiniUPnPd/1.7,,,HTTP/1.1,,,OK,,,200,,
null,,,null,,,0x0800,,,192.168.1.248,,,192.168.1.177,,,6,,,49152,,,37503,,,Ubuntu/precise UPnP/1.1 MiniUPnPd/1.7,,,HTTP/1.1,,,OK,,,200,,
null,,,null,,,0x0800,,,192.168.1.248,,,192.168.1.177,,,6,,,49152,,,37502,,,Ubuntu/precise UPnP/1.1 MiniUPnPd/1.7,,,HTTP/1.1,,,OK,,,200,,
null,,,null,,,0x0800,,,192.168.1.248,,,192.168.1.177,,,6,,,49152,,,37507,,,Ubuntu/precise UPnP/1.1 MiniUPnPd/1.7,,,HTTP/1.1,,,OK,,,200,,
null,,,null,,,0x0800,,,192.168.1.248,,,192.168.1.177,,,6,,,49152,,,37509,,,Ubuntu/precise UPnP/1.1 MiniUPnPd/1.7,,,HTTP/1.1,,,OK,,,200,,
null,,,null,,,0x0800,,,192.168.1.248,,,192.168.1.177,,,6,,,49152,,,37508,,,Ubuntu/precise UPnP/1.1 MiniUPnPd/1.7,,,HTTP/1.1,,,OK,,,200,,
null,,,null,,,0x0800,,,192.168.1.1,,,192.168.1.177,,,6,,,38950,,,46380,,,,,,HTTP/1.1,,,OK,,,200,,
null,,,null,,,0x0800,,,178.33.226.93,,,192.168.1.177,,,6,,,80,,,53525,,,nginx/1.4.1,,,HTTP/1.1,,,OK,,,200,,
null,,,null,,,0x0800,,,192.168.1.1,,,192.168.1.177,,,6,,,38953,,,46380,,,,,,HTTP/1.1,,,OK,,,200,,
null,,,null,,,0x0800,,,192.168.1.1,,,192.168.1.177,,,6,,,38952,,,46380,,,,,,HTTP/1.1,,,OK,,,200,,
null,,,null,,,0x0800,,,192.168.1.1,,,192.168.1.177,,,6,,,38951,,,46380,,,,,,HTTP/1.1,,,OK,,,200,,
null,,,null,,,0x0800,,,192.168.1.1,,,192.168.1.177,,,6,,,5000,,,42435,,,OpenWRT/OpenWrt UPnP/1.1 MiniUPnPd/1.9,,,HTTP/1.1,,,OK,,,200,,
null,,,null,,,0x0800,,,192.168.1.1,,,192.168.1.177,,,6,,,38955,,,46380,,,,,,HTTP/1.1,,,OK,,,200,,
null,,,null,,,0x0800,,,192.168.1.1,,,192.168.1.177,,,6,,,5000,,,42436,,,OpenWRT/OpenWrt UPnP/1.1 MiniUPnPd/1.9,,,HTTP/1.1,,,OK,,,200,,
null,,,null,,,0x0800,,,192.168.1.1,,,192.168.1.177,,,6,,,5000,,,42437,,,OpenWRT/OpenWrt UPnP/1.1 MiniUPnPd/1.9,,,HTTP/1.1,,,OK,,,200,,
null,,,null,,,0x0800,,,192.168.1.1,,,192.168.1.177,,,6,,,5000,,,42447,,,OpenWRT/OpenWrt UPnP/1.1 MiniUPnPd/1.9,,,HTTP/1.1,,,OK,,,200,,
null,,,null,,,0x0800,,,192.168.1.1,,,192.168.1.177,,,6,,,38954,,,46380,,,,,,HTTP/1.1,,,OK,,,200,,
null,,,null,,,0x0800,,,192.168.1.1,,,192.168.1.177,,,6,,,5000,,,42448,,,OpenWRT/OpenWrt UPnP/1.1 MiniUPnPd/1.9,,,HTTP/1.1,,,OK,,,200,,
null,,,null,,,0x0800,,,192.168.1.1,,,192.168.1.177,,,6,,,5000,,,42449,,,OpenWRT/OpenWrt UPnP/1.1 MiniUPnPd/1.9,,,HTTP/1.1,,,OK,,,200,,
null,,,null,,,0x0800,,,192.168.1.1,,,192.168.1.177,,,6,,,38957,,,46380,,,,,,HTTP/1.1,,,OK,,,200,,
null,,,null,,,0x0800,,,192.168.1.1,,,192.168.1.177,,,6,,,5000,,,42459,,,OpenWRT/OpenWrt UPnP/1.1 MiniUPnPd/1.9,,,HTTP/1.1,,,OK,,,200,,
null,,,null,,,0x0800,,,192.168.1.1,,,192.168.1.177,,,6,,,5000,,,42460,,,OpenWRT/OpenWrt UPnP/1.1 MiniUPnPd/1.9,,,HTTP/1.1,,,OK,,,200,,
null,,,null,,,0x0800,,,192.168.1.1,,,192.168.1.177,,,6,,,5000,,,42461,,,OpenWRT/OpenWrt UPnP/1.1 MiniUPnPd/1.9,,,HTTP/1.1,,,OK,,,200,,
null,,,null,,,0x0800,,,192.168.1.1,,,192.168.1.177,,,6,,,38956,,,46380,,,,,,HTTP/1.1,,,OK,,,200,,
null,,,null,,,0x0800,,,178.33.226.93,,,192.168.1.177,,,6,,,80,,,53579,,,nginx/1.4.1,,,HTTP/1.1,,,OK,,,200,,
null,,,null,,,0x0800,,,192.168.1.1,,,192.168.1.177,,,6,,,38959,,,46380,,,,,,HTTP/1.1,,,OK,,,200,,
null,,,null,,,0x0800,,,192.168.1.1,,,192.168.1.177,,,6,,,5000,,,42482,,,OpenWRT/OpenWrt UPnP/1.1 MiniUPnPd/1.9,,,HTTP/1.1,,,OK,,,200,,
null,,,null,,,0x0800,,,192.168.1.1,,,192.168.1.177,,,6,,,5000,,,42483,,,OpenWRT/OpenWrt UPnP/1.1 MiniUPnPd/1.9,,,HTTP/1.1,,,OK,,,200,,
null,,,null,,,0x0800,,,192.168.1.1,,,192.168.1.177,,,6,,,5000,,,42484,,,OpenWRT/OpenWrt UPnP/1.1 MiniUPnPd/1.9,,,HTTP/1.1,,,OK,,,200,,
null,,,null,,,0x0800,,,192.168.1.1,,,192.168.1.177,,,6,,,38958,,,46380,,,,,,HTTP/1.1,,,OK,,,200,,
null,,,null,,,0x0800,,,192.168.1.1,,,192.168.1.177,,,6,,,5000,,,42492,,,OpenWRT/OpenWrt UPnP/1.1 MiniUPnPd/1.9,,,HTTP/1.1,,,OK,,,200,,
null,,,null,,,0x0800,,,192.168.1.1,,,192.168.1.177,,,6,,,5000,,,42493,,,OpenWRT/OpenWrt UPnP/1.1 MiniUPnPd/1.9,,,HTTP/1.1,,,OK,,,200,,
null,,,null,,,0x0800,,,192.168.1.1,,,192.168.1.177,,,6,,,5000,,,42494,,,OpenWRT/OpenWrt UPnP/1.1 MiniUPnPd/1.9,,,HTTP/1.1,,,OK,,,200,,
null,,,null,,,0x0800,,,192.168.1.1,,,192.168.1.177,,,6,,,5000,,,42498,,,OpenWRT/OpenWrt UPnP/1.1 MiniUPnPd/1.9,,,HTTP/1.1,,,OK,,,200,,
null,,,null,,,0x0800,,,192.168.1.1,,,192.168.1.177,,,6,,,5000,,,42499,,,OpenWRT/OpenWrt UPnP/1.1 MiniUPnPd/1.9,,,HTTP/1.1,,,OK,,,200,,
null,,,null,,,0x0800,,,192.168.1.177,,,178.33.226.93,,,6,,,58735,,,80,,,nginx/1.4.1,,,HTTP/1.1,,,OK,,,200,,
null,,,null,,,0x0800,,,192.168.1.177,,,178.33.226.93,,,6,,,34792,,,80,,,nginx/1.4.1,,,HTTP/1.1,,,OK,,,200,,
null,,,null,,,0x0800,,,192.168.1.1,,,192.168.1.177,,,6,,,38960,,,46380,,,,,,HTTP/1.1,,,OK,,,200,,
null,,,null,,,0x0800,,,192.168.1.1,,,192.168.1.177,,,6,,,38963,,,46380,,,,,,HTTP/1.1,,,OK,,,200,,
null,,,null,,,0x0800,,,192.168.1.1,,,192.168.1.177,,,6,,,38962,,,46380,,,,,,HTTP/1.1,,,OK,,,200,,
null,,,null,,,0x0800,,,192.168.1.1,,,192.168.1.177,,,6,,,38961,,,46380,,,,,,HTTP/1.1,,,OK,,,200,,
null,,,null,,,0x0800,,,192.168.1.1,,,192.168.1.177,,,6,,,38965,,,46380,,,,,,HTTP/1.1,,,OK,,,200,,
null,,,null,,,0x0800,,,178.33.226.93,,,192.168.1.177,,,6,,,80,,,53424,,,nginx/1.4.1,,,HTTP/1.1,,,OK,,,200,,
null,,,null,,,0x0800,,,192.168.1.1,,,192.168.1.177,,,6,,,38964,,,46380,,,,,,HTTP/1.1,,,OK,,,200,,
null,,,null,,,0x0800,,,192.168.1.1,,,192.168.1.177,,,6,,,5000,,,42552,,,OpenWRT/OpenWrt UPnP/1.1 MiniUPnPd/1.9,,,HTTP/1.1,,,OK,,,200,,
null,,,null,,,0x0800,,,192.168.1.1,,,192.168.1.177,,,6,,,38967,,,46380,,,,,,HTTP/1.1,,,OK,,,200,,
null,,,null,,,0x0800,,,192.168.1.1,,,192.168.1.177,,,6,,,5000,,,42556,,,OpenWRT/OpenWrt UPnP/1.1 MiniUPnPd/1.9,,,HTTP/1.1,,,OK,,,200,,
null,,,null,,,0x0800,,,192.168.1.1,,,192.168.1.177,,,6,,,5000,,,42557,,,OpenWRT/OpenWrt UPnP/1.1 MiniUPnPd/1.9,,,HTTP/1.1,,,OK,,,200,,
null,,,null,,,0x0800,,,192.168.1.1,,,192.168.1.177,,,6,,,5000,,,42558,,,OpenWRT/OpenWrt UPnP/1.1 MiniUPnPd/1.9,,,HTTP/1.1,,,OK,,,200,,
null,,,null,,,0x0800,,,192.168.1.1,,,192.168.1.177,,,6,,,5000,,,42564,,,OpenWRT/OpenWrt UPnP/1.1 MiniUPnPd/1.9,,,HTTP/1.1,,,OK,,,200,,
null,,,null,,,0x0800,,,192.168.1.1,,,192.168.1.177,,,6,,,5000,,,42565,,,OpenWRT/OpenWrt UPnP/1.1 MiniUPnPd/1.9,,,HTTP/1.1,,,OK,,,200,,
null,,,null,,,0x0800,,,192.168.1.1,,,192.168.1.177,,,6,,,5000,,,42566,,,OpenWRT/OpenWrt UPnP/1.1 MiniUPnPd/1.9,,,HTTP/1.1,,,OK,,,200,,
null,,,null,,,0x0800,,,192.168.1.1,,,192.168.1.177,,,6,,,38966,,,46380,,,,,,HTTP/1.1,,,OK,,,200,,
null,,,null,,,0x0800,,,192.168.1.1,,,192.168.1.177,,,6,,,38969,,,46380,,,,,,HTTP/1.1,,,OK,,,200,,
null,,,null,,,0x0800,,,192.168.1.1,,,192.168.1.177,,,6,,,5000,,,42578,,,OpenWRT/OpenWrt UPnP/1.1 MiniUPnPd/1.9,,,HTTP/1.1,,,OK,,,200,,
null,,,null,,,0x0800,,,192.168.1.1,,,192.168.1.177,,,6,,,5000,,,42579,,,OpenWRT/OpenWrt UPnP/1.1 MiniUPnPd/1.9,,,HTTP/1.1,,,OK,,,200,,
null,,,null,,,0x0800,,,192.168.1.1,,,192.168.1.177,,,6,,,5000,,,42580,,,OpenWRT/OpenWrt UPnP/1.1 MiniUPnPd/1.9,,,HTTP/1.1,,,OK,,,200,,
null,,,null,,,0x0800,,,192.168.1.1,,,192.168.1.177,,,6,,,38968,,,46380,,,,,,HTTP/1.1,,,OK,,,200,,
null,,,null,,,0x0800,,,192.168.1.1,,,192.168.1.177,,,6,,,5000,,,42594,,,OpenWRT/OpenWrt UPnP/1.1 MiniUPnPd/1.9,,,HTTP/1.1,,,OK,,,200,,
null,,,null,,,0x0800,,,192.168.1.1,,,192.168.1.177,,,6,,,5000,,,42595,,,OpenWRT/OpenWrt UPnP/1.1 MiniUPnPd/1.9,,,HTTP/1.1,,,OK,,,200,,
null,,,null,,,0x0800,,,192.168.1.1,,,192.168.1.177,,,6,,,5000,,,42596,,,OpenWRT/OpenWrt UPnP/1.1 MiniUPnPd/1.9,,,HTTP/1.1,,,OK,,,200,,
null,,,null,,,0x0800,,,178.33.226.93,,,192.168.1.177,,,6,,,80,,,53470,,,nginx/1.4.1,,,HTTP/1.1,,,OK,,,200,,
null,,,null,,,0x0800,,,192.168.1.1,,,192.168.1.177,,,6,,,5000,,,42522,,,OpenWRT/OpenWrt UPnP/1.1 MiniUPnPd/1.9,,,HTTP/1.1,,,OK,,,200,,
null,,,null,,,0x0800,,,192.168.1.1,,,192.168.1.177,,,6,,,5000,,,42523,,,OpenWRT/OpenWrt UPnP/1.1 MiniUPnPd/1.9,,,HTTP/1.1,,,OK,,,200,,
null,,,null,,,0x0800,,,192.168.1.1,,,192.168.1.177,,,6,,,5000,,,42524,,,OpenWRT/OpenWrt UPnP/1.1 MiniUPnPd/1.9,,,HTTP/1.1,,,OK,,,200,,
null,,,null,,,0x0800,,,192.168.1.1,,,192.168.1.177,,,6,,,5000,,,42540,,,OpenWRT/OpenWrt UPnP/1.1 MiniUPnPd/1.9,,,HTTP/1.1,,,OK,,,200,,
null,,,null,,,0x0800,,,192.168.1.1,,,192.168.1.177,,,6,,,5000,,,42541,,,OpenWRT/OpenWrt UPnP/1.1 MiniUPnPd/1.9,,,HTTP/1.1,,,OK,,,200,,
null,,,null,,,0x0800,,,192.168.1.1,,,192.168.1.177,,,6,,,5000,,,42542,,,OpenWRT/OpenWrt UPnP/1.1 MiniUPnPd/1.9,,,HTTP/1.1,,,OK,,,200,,
null,,,null,,,0x0800,,,192.168.1.1,,,192.168.1.177,,,6,,,5000,,,42550,,,OpenWRT/OpenWrt UPnP/1.1 MiniUPnPd/1.9,,,HTTP/1.1,,,OK,,,200,,
null,,,null,,,0x0800,,,192.168.1.1,,,192.168.1.177,,,6,,,5000,,,42551,,,OpenWRT/OpenWrt UPnP/1.1 MiniUPnPd/1.9,,,HTTP/1.1,,,OK,,,200,,
null,,,null,,,0x0800,,,192.168.1.177,,,178.33.226.93,,,6,,,34695,,,80,,,nginx/1.4.1,,,HTTP/1.1,,,OK,,,200,,
null,,,null,,,0x0800,,,192.168.1.1,,,192.168.1.177,,,6,,,38970,,,46380,,,,,,HTTP/1.1,,,OK,,,200,,
null,,,null,,,0x0800,,,192.168.1.1,,,192.168.1.177,,,6,,,38972,,,46380,,,,,,HTTP/1.1,,,OK,,,200,,
null,,,null,,,0x0800,,,192.168.1.1,,,192.168.1.177,,,6,,,38971,,,46380,,,,,,HTTP/1.1,,,OK,,,200,,
null,,,null,,,0x0800,,,192.168.1.177,,,178.33.226.93,,,6,,,58795,,,80,,,nginx/1.4.1,,,HTTP/1.1,,,OK,,,200,,
null,,,null,,,0x0800,,,192.168.1.1,,,192.168.1.177,,,6,,,38975,,,46380,,,,,,HTTP/1.1,,,OK,,,200,,
null,,,null,,,0x0800,,,192.168.1.1,,,192.168.1.177,,,6,,,38974,,,46380,,,,,,HTTP/1.1,,,OK,,,200,,
null,,,null,,,0x0800,,,192.168.1.1,,,192.168.1.177,,,6,,,38973,,,46380,,,,,,HTTP/1.1,,,OK,,,200,,
null,,,null,,,0x0800,,,192.168.1.1,,,192.168.1.177,,,6,,,38977,,,46380,,,,,,HTTP/1.1,,,OK,,,200,,
null,,,null,,,0x0800,,,192.168.1.1,,,192.168.1.177,,,6,,,38976,,,46380,,,,,,HTTP/1.1,,,OK,,,200,,
null,,,null,,,0x0800,,,192.168.1.1,,,192.168.1.177,,,6,,,38979,,,46380,,,,,,HTTP/1.1,,,OK,,,200,,
null,,,null,,,0x0800,,,192.168.1.1,,,192.168.1.177,,,6,,,38978,,,46380,,,,,,HTTP/1.1,,,OK,,,200,,
null,,,null,,,0x0800,,,178.33.226.93,,,192.168.1.177,,,6,,,80,,,40701,,,nginx/1.4.1,,,HTTP/1.1,,,OK,,,200,,
null,,,null,,,0x0800,,,178.33.226.93,,,192.168.1.177,,,6,,,80,,,40733,,,nginx/1.4.1,,,HTTP/1.1,,,OK,,,200,,
null,,,null,,,0x0800,,,192.168.1.177,,,178.33.226.93,,,6,,,58542,,,80,,,nginx/1.4.1,,,HTTP/1.1,,,OK,,,200,,
null,,,null,,,0x0800,,,178.33.226.93,,,192.168.1.177,,,6,,,80,,,34846,,,nginx/1.4.1,,,HTTP/1.1,,,OK,,,200,,
null,,,null,,,0x0800,,,192.168.1.177,,,178.33.226.93,,,6,,,58444,,,80,,,nginx/1.4.1,,,HTTP/1.1,,,OK,,,200,,
null,,,null,,,0x0800,,,192.168.1.177,,,178.33.226.93,,,6,,,58689,,,80,,,nginx/1.4.1,,,HTTP/1.1,,,OK,,,200,,
