srcMac,,, dstMac,,, ethType,,, srcIp,,, dstIp,,, ipProto,,, srcPort,,, dstPort,,,method,,,host,,,request-version,,,uri,,,user-agent,,
null,,,null,,,0x0800,,,178.33.226.93,,,192.168.1.177,,,6,,,80,,,59439,,,GET,,,iptime.pix-star.com,,,HTTP/1.1,,, /iptime/?hsh=4706528081bcb41a15730c94ea035b31&usr=e076d033bb85,,,Mozilla/5.0,,
null,,,null,,,0x0800,,,178.33.226.93,,,192.168.1.177,,,6,,,80,,,53370,,,GET,,,iptime.pix-star.com,,,HTTP/1.1,,, /iptime/?hsh=4706528081bcb41a15730c94ea035b31&usr=e076d033bb85,,,Mozilla/5.0,,
null,,,null,,,0x0800,,,192.168.1.177,,,178.33.226.93,,,6,,,34741,,,80,,,GET,,,iptime.pix-star.com,,,HTTP/1.1,,, /iptime/?hsh=4706528081bcb41a15730c94ea035b31&usr=e076d033bb85,,,Mozilla/5.0,,
null,,,null,,,0x0800,,,192.168.1.177,,,178.33.226.93,,,6,,,58499,,,80,,,GET,,,iptime.pix-star.com,,,HTTP/1.1,,, /iptime/?hsh=4706528081bcb41a15730c94ea035b31&usr=e076d033bb85,,,Mozilla/5.0,,
null,,,null,,,0x0800,,,192.168.1.177,,,192.168.1.1,,,6,,,42603,,,5000,,,SUBSCRIBE,,,192.168.1.1:5000,,,HTTP/1.1,,, /evt/L3F,,,Linux/3.4.39 UPnP/1.1 HUPnP/1.1,,
null,,,null,,,0x0800,,,192.168.1.177,,,192.168.1.1,,,6,,,42605,,,5000,,,SUBSCRIBE,,,192.168.1.1:5000,,,HTTP/1.1,,, /evt/IPConn,,,Linux/3.4.39 UPnP/1.1 HUPnP/1.1,,
null,,,null,,,0x0800,,,192.168.1.177,,,192.168.1.1,,,6,,,42604,,,5000,,,SUBSCRIBE,,,192.168.1.1:5000,,,HTTP/1.1,,, /evt/CmnIfCfg,,,Linux/3.4.39 UPnP/1.1 HUPnP/1.1,,
null,,,null,,,0x0800,,,192.168.1.177,,,178.33.226.93,,,6,,,34635,,,80,,,GET,,,iptime.pix-star.com,,,HTTP/1.1,,, /iptime/?hsh=4706528081bcb41a15730c94ea035b31&usr=e076d033bb85,,,Mozilla/5.0,,
null,,,null,,,0x0800,,,192.168.1.1,,,192.168.1.177,,,6,,,38921,,,46380,,,NOTIFY,,,192.168.1.177:46380,,,HTTP/1.1,,, /0b7a0eef-fcd5-4d67-a769-ad30ce3f8a9d,,,,,
null,,,null,,,0x0800,,,192.168.1.1,,,192.168.1.177,,,6,,,38920,,,46380,,,NOTIFY,,,192.168.1.177:46380,,,HTTP/1.1,,, /66c988a8-eb57-4efb-b2db-f45c05288ab8,,,,,
null,,,null,,,0x0800,,,192.168.1.1,,,192.168.1.177,,,6,,,38923,,,46380,,,NOTIFY,,,192.168.1.177:46380,,,HTTP/1.1,,, /66c988a8-eb57-4efb-b2db-f45c05288ab8,,,,,
null,,,null,,,0x0800,,,192.168.1.1,,,192.168.1.177,,,6,,,38922,,,46380,,,NOTIFY,,,192.168.1.177:46380,,,HTTP/1.1,,, /fd7d371c-9110-4e61-8819-0a19b715bf1b,,,,,
null,,,null,,,0x0800,,,192.168.1.1,,,192.168.1.177,,,6,,,38925,,,46380,,,NOTIFY,,,192.168.1.177:46380,,,HTTP/1.1,,, /fd7d371c-9110-4e61-8819-0a19b715bf1b,,,,,
null,,,null,,,0x0800,,,192.168.1.1,,,192.168.1.177,,,6,,,38924,,,46380,,,NOTIFY,,,192.168.1.177:46380,,,HTTP/1.1,,, /0b7a0eef-fcd5-4d67-a769-ad30ce3f8a9d,,,,,
null,,,null,,,0x0800,,,192.168.1.1,,,192.168.1.177,,,6,,,38927,,,46380,,,NOTIFY,,,192.168.1.177:46380,,,HTTP/1.1,,, /fd7d371c-9110-4e61-8819-0a19b715bf1b,,,,,
null,,,null,,,0x0800,,,192.168.1.1,,,192.168.1.177,,,6,,,38926,,,46380,,,NOTIFY,,,192.168.1.177:46380,,,HTTP/1.1,,, /66c988a8-eb57-4efb-b2db-f45c05288ab8,,,,,
null,,,null,,,0x0800,,,192.168.1.177,,,178.33.226.93,,,6,,,40761,,,80,,,GET,,,iptime.pix-star.com,,,HTTP/1.1,,, /iptime/?hsh=4706528081bcb41a15730c94ea035b31&usr=e076d033bb85,,,Mozilla/5.0,,
null,,,null,,,0x0800,,,192.168.1.1,,,192.168.1.177,,,6,,,38929,,,46380,,,NOTIFY,,,192.168.1.177:46380,,,HTTP/1.1,,, /66c988a8-eb57-4efb-b2db-f45c05288ab8,,,,,
null,,,null,,,0x0800,,,192.168.1.1,,,192.168.1.177,,,6,,,38928,,,46380,,,NOTIFY,,,192.168.1.177:46380,,,HTTP/1.1,,, /0b7a0eef-fcd5-4d67-a769-ad30ce3f8a9d,,,,,
null,,,null,,,0x0800,,,192.168.1.177,,,192.168.1.1,,,6,,,42631,,,5000,,,SUBSCRIBE,,,192.168.1.1:5000,,,HTTP/1.1,,, /evt/L3F,,,Linux/3.4.39 UPnP/1.1 HUPnP/1.1,,
null,,,null,,,0x0800,,,192.168.1.248,,,192.168.1.177,,,6,,,49152,,,37341,,,GET,,,192.168.1.248:49152,,,HTTP/1.1,,, /rootDesc.xml,,,Mozilla/5.0,,
null,,,null,,,0x0800,,,192.168.1.248,,,192.168.1.177,,,6,,,49152,,,37340,,,GET,,,192.168.1.248:49152,,,HTTP/1.1,,, /rootDesc.xml,,,Mozilla/5.0,,
null,,,null,,,0x0800,,,192.168.1.248,,,192.168.1.177,,,6,,,49152,,,37343,,,GET,,,192.168.1.248:49152,,,HTTP/1.1,,, /rootDesc.xml,,,Mozilla/5.0,,
null,,,null,,,0x0800,,,192.168.1.248,,,192.168.1.177,,,6,,,49152,,,37342,,,GET,,,192.168.1.248:49152,,,HTTP/1.1,,, /rootDesc.xml,,,Mozilla/5.0,,
null,,,null,,,0x0800,,,192.168.1.248,,,192.168.1.177,,,6,,,49152,,,37345,,,GET,,,192.168.1.248:49152,,,HTTP/1.1,,, /rootDesc.xml,,,Mozilla/5.0,,
null,,,null,,,0x0800,,,192.168.1.248,,,192.168.1.177,,,6,,,49152,,,37344,,,GET,,,192.168.1.248:49152,,,HTTP/1.1,,, /rootDesc.xml,,,Mozilla/5.0,,
null,,,null,,,0x0800,,,192.168.1.248,,,192.168.1.177,,,6,,,49152,,,37347,,,GET,,,192.168.1.248:49152,,,HTTP/1.1,,, /rootDesc.xml,,,Mozilla/5.0,,
null,,,null,,,0x0800,,,192.168.1.248,,,192.168.1.177,,,6,,,49152,,,37346,,,GET,,,192.168.1.248:49152,,,HTTP/1.1,,, /rootDesc.xml,,,Mozilla/5.0,,
null,,,null,,,0x0800,,,192.168.1.248,,,192.168.1.177,,,6,,,49152,,,37335,,,GET,,,192.168.1.248:49152,,,HTTP/1.1,,, /rootDesc.xml,,,Mozilla/5.0,,
null,,,null,,,0x0800,,,192.168.1.248,,,192.168.1.177,,,6,,,49152,,,37339,,,GET,,,192.168.1.248:49152,,,HTTP/1.1,,, /rootDesc.xml,,,Mozilla/5.0,,
null,,,null,,,0x0800,,,192.168.1.177,,,192.168.1.1,,,6,,,42500,,,5000,,,SUBSCRIBE,,,192.168.1.1:5000,,,HTTP/1.1,,, /evt/IPConn,,,Linux/3.4.39 UPnP/1.1 HUPnP/1.1,,
null,,,null,,,0x0800,,,192.168.1.177,,,192.168.1.1,,,6,,,42633,,,5000,,,SUBSCRIBE,,,192.168.1.1:5000,,,HTTP/1.1,,, /evt/IPConn,,,Linux/3.4.39 UPnP/1.1 HUPnP/1.1,,
null,,,null,,,0x0800,,,192.168.1.177,,,192.168.1.1,,,6,,,42632,,,5000,,,SUBSCRIBE,,,192.168.1.1:5000,,,HTTP/1.1,,, /evt/CmnIfCfg,,,Linux/3.4.39 UPnP/1.1 HUPnP/1.1,,
null,,,null,,,0x0800,,,192.168.1.177,,,178.33.226.93,,,6,,,40670,,,80,,,GET,,,iptime.pix-star.com,,,HTTP/1.1,,, /iptime/?hsh=4706528081bcb41a15730c94ea035b31&usr=e076d033bb85,,,Mozilla/5.0,,
null,,,null,,,0x0800,,,192.168.1.1,,,192.168.1.177,,,6,,,38931,,,46380,,,NOTIFY,,,192.168.1.177:46380,,,HTTP/1.1,,, /fd7d371c-9110-4e61-8819-0a19b715bf1b,,,,,
null,,,null,,,0x0800,,,192.168.1.1,,,192.168.1.177,,,6,,,38930,,,46380,,,NOTIFY,,,192.168.1.177:46380,,,HTTP/1.1,,, /0b7a0eef-fcd5-4d67-a769-ad30ce3f8a9d,,,,,
null,,,null,,,0x0800,,,192.168.1.1,,,192.168.1.177,,,6,,,38933,,,46380,,,NOTIFY,,,192.168.1.177:46380,,,HTTP/1.1,,, /fd7d371c-9110-4e61-8819-0a19b715bf1b,,,,,
null,,,null,,,0x0800,,,192.168.1.1,,,192.168.1.177,,,6,,,38932,,,46380,,,NOTIFY,,,192.168.1.177:46380,,,HTTP/1.1,,, /66c988a8-eb57-4efb-b2db-f45c05288ab8,,,,,
null,,,null,,,0x0800,,,192.168.1.1,,,192.168.1.177,,,6,,,38935,,,46380,,,NOTIFY,,,192.168.1.177:46380,,,HTTP/1.1,,, /fd7d371c-9110-4e61-8819-0a19b715bf1b,,,,,
null,,,null,,,0x0800,,,192.168.1.1,,,192.168.1.177,,,6,,,38934,,,46380,,,NOTIFY,,,192.168.1.177:46380,,,HTTP/1.1,,, /0b7a0eef-fcd5-4d67-a769-ad30ce3f8a9d,,,,,
null,,,null,,,0x0800,,,192.168.1.1,,,192.168.1.177,,,6,,,38937,,,46380,,,NOTIFY,,,192.168.1.177:46380,,,HTTP/1.1,,, /0b7a0eef-fcd5-4d67-a769-ad30ce3f8a9d,,,,,
null,,,null,,,0x0800,,,192.168.1.1,,,192.168.1.177,,,6,,,38936,,,46380,,,NOTIFY,,,192.168.1.177:46380,,,HTTP/1.1,,, /66c988a8-eb57-4efb-b2db-f45c05288ab8,,,,,
null,,,null,,,0x0800,,,192.168.1.1,,,192.168.1.177,,,6,,,38939,,,46380,,,NOTIFY,,,192.168.1.177:46380,,,HTTP/1.1,,, /fd7d371c-9110-4e61-8819-0a19b715bf1b,,,,,
null,,,null,,,0x0800,,,192.168.1.1,,,192.168.1.177,,,6,,,38938,,,46380,,,NOTIFY,,,192.168.1.177:46380,,,HTTP/1.1,,, /66c988a8-eb57-4efb-b2db-f45c05288ab8,,,,,
null,,,null,,,0x0800,,,192.168.1.1,,,192.168.1.177,,,6,,,5000,,,42624,,,SUBSCRIBE,,,192.168.1.1:5000,,,HTTP/1.1,,, /evt/L3F,,,Linux/3.4.39 UPnP/1.1 HUPnP/1.1,,
null,,,null,,,0x0800,,,192.168.1.1,,,192.168.1.177,,,6,,,5000,,,42625,,,SUBSCRIBE,,,192.168.1.1:5000,,,HTTP/1.1,,, /evt/CmnIfCfg,,,Linux/3.4.39 UPnP/1.1 HUPnP/1.1,,
null,,,null,,,0x0800,,,192.168.1.248,,,192.168.1.177,,,6,,,49152,,,37390,,,GET,,,192.168.1.248:49152,,,HTTP/1.1,,, /rootDesc.xml,,,Mozilla/5.0,,
null,,,null,,,0x0800,,,192.168.1.1,,,192.168.1.177,,,6,,,5000,,,42626,,,SUBSCRIBE,,,192.168.1.1:5000,,,HTTP/1.1,,, /evt/IPConn,,,Linux/3.4.39 UPnP/1.1 HUPnP/1.1,,
null,,,null,,,0x0800,,,192.168.1.248,,,192.168.1.177,,,6,,,49152,,,37392,,,GET,,,192.168.1.248:49152,,,HTTP/1.1,,, /rootDesc.xml,,,Mozilla/5.0,,
null,,,null,,,0x0800,,,192.168.1.248,,,192.168.1.177,,,6,,,49152,,,37391,,,GET,,,192.168.1.248:49152,,,HTTP/1.1,,, /rootDesc.xml,,,Mozilla/5.0,,
null,,,null,,,0x0800,,,192.168.1.248,,,192.168.1.177,,,6,,,49152,,,37396,,,GET,,,192.168.1.248:49152,,,HTTP/1.1,,, /rootDesc.xml,,,Mozilla/5.0,,
null,,,null,,,0x0800,,,192.168.1.248,,,192.168.1.177,,,6,,,49152,,,37398,,,GET,,,192.168.1.248:49152,,,HTTP/1.1,,, /rootDesc.xml,,,Mozilla/5.0,,
null,,,null,,,0x0800,,,192.168.1.248,,,192.168.1.177,,,6,,,49152,,,37397,,,GET,,,192.168.1.248:49152,,,HTTP/1.1,,, /rootDesc.xml,,,Mozilla/5.0,,
null,,,null,,,0x0800,,,192.168.1.248,,,192.168.1.177,,,6,,,49152,,,37382,,,GET,,,192.168.1.248:49152,,,HTTP/1.1,,, /rootDesc.xml,,,Mozilla/5.0,,
null,,,null,,,0x0800,,,192.168.1.248,,,192.168.1.177,,,6,,,49152,,,37387,,,GET,,,192.168.1.248:49152,,,HTTP/1.1,,, /rootDesc.xml,,,Mozilla/5.0,,
null,,,null,,,0x0800,,,192.168.1.248,,,192.168.1.177,,,6,,,49152,,,37386,,,GET,,,192.168.1.248:49152,,,HTTP/1.1,,, /rootDesc.xml,,,Mozilla/5.0,,
null,,,null,,,0x0800,,,192.168.1.248,,,192.168.1.177,,,6,,,49152,,,37389,,,GET,,,192.168.1.248:49152,,,HTTP/1.1,,, /rootDesc.xml,,,Mozilla/5.0,,
null,,,null,,,0x0800,,,192.168.1.248,,,192.168.1.177,,,6,,,49152,,,37388,,,GET,,,192.168.1.248:49152,,,HTTP/1.1,,, /rootDesc.xml,,,Mozilla/5.0,,
null,,,null,,,0x0800,,,192.168.1.1,,,192.168.1.177,,,6,,,5000,,,42646,,,SUBSCRIBE,,,192.168.1.1:5000,,,HTTP/1.1,,, /evt/L3F,,,Linux/3.4.39 UPnP/1.1 HUPnP/1.1,,
null,,,null,,,0x0800,,,192.168.1.1,,,192.168.1.177,,,6,,,5000,,,42647,,,SUBSCRIBE,,,192.168.1.1:5000,,,HTTP/1.1,,, /evt/CmnIfCfg,,,Linux/3.4.39 UPnP/1.1 HUPnP/1.1,,
null,,,null,,,0x0800,,,192.168.1.1,,,192.168.1.177,,,6,,,5000,,,42648,,,SUBSCRIBE,,,192.168.1.1:5000,,,HTTP/1.1,,, /evt/IPConn,,,Linux/3.4.39 UPnP/1.1 HUPnP/1.1,,
null,,,null,,,0x0800,,,192.168.1.248,,,192.168.1.177,,,6,,,49152,,,37370,,,GET,,,192.168.1.248:49152,,,HTTP/1.1,,, /rootDesc.xml,,,Mozilla/5.0,,
null,,,null,,,0x0800,,,192.168.1.248,,,192.168.1.177,,,6,,,49152,,,37372,,,GET,,,192.168.1.248:49152,,,HTTP/1.1,,, /rootDesc.xml,,,Mozilla/5.0,,
null,,,null,,,0x0800,,,192.168.1.248,,,192.168.1.177,,,6,,,49152,,,37371,,,GET,,,192.168.1.248:49152,,,HTTP/1.1,,, /rootDesc.xml,,,Mozilla/5.0,,
null,,,null,,,0x0800,,,192.168.1.248,,,192.168.1.177,,,6,,,49152,,,37374,,,GET,,,192.168.1.248:49152,,,HTTP/1.1,,, /rootDesc.xml,,,Mozilla/5.0,,
null,,,null,,,0x0800,,,192.168.1.248,,,192.168.1.177,,,6,,,49152,,,37373,,,GET,,,192.168.1.248:49152,,,HTTP/1.1,,, /rootDesc.xml,,,Mozilla/5.0,,
null,,,null,,,0x0800,,,192.168.1.248,,,192.168.1.177,,,6,,,49152,,,37376,,,GET,,,192.168.1.248:49152,,,HTTP/1.1,,, /rootDesc.xml,,,Mozilla/5.0,,
null,,,null,,,0x0800,,,192.168.1.248,,,192.168.1.177,,,6,,,49152,,,37375,,,GET,,,192.168.1.248:49152,,,HTTP/1.1,,, /rootDesc.xml,,,Mozilla/5.0,,
null,,,null,,,0x0800,,,192.168.1.1,,,192.168.1.177,,,6,,,5000,,,42654,,,SUBSCRIBE,,,192.168.1.1:5000,,,HTTP/1.1,,, /evt/L3F,,,Linux/3.4.39 UPnP/1.1 HUPnP/1.1,,
null,,,null,,,0x0800,,,192.168.1.1,,,192.168.1.177,,,6,,,5000,,,42655,,,SUBSCRIBE,,,192.168.1.1:5000,,,HTTP/1.1,,, /evt/CmnIfCfg,,,Linux/3.4.39 UPnP/1.1 HUPnP/1.1,,
null,,,null,,,0x0800,,,192.168.1.1,,,192.168.1.177,,,6,,,5000,,,42656,,,SUBSCRIBE,,,192.168.1.1:5000,,,HTTP/1.1,,, /evt/IPConn,,,Linux/3.4.39 UPnP/1.1 HUPnP/1.1,,
null,,,null,,,0x0800,,,192.168.1.248,,,192.168.1.177,,,6,,,49152,,,37363,,,GET,,,192.168.1.248:49152,,,HTTP/1.1,,, /rootDesc.xml,,,Mozilla/5.0,,
null,,,null,,,0x0800,,,192.168.1.248,,,192.168.1.177,,,6,,,49152,,,37365,,,GET,,,192.168.1.248:49152,,,HTTP/1.1,,, /rootDesc.xml,,,Mozilla/5.0,,
null,,,null,,,0x0800,,,192.168.1.248,,,192.168.1.177,,,6,,,49152,,,37364,,,GET,,,192.168.1.248:49152,,,HTTP/1.1,,, /rootDesc.xml,,,Mozilla/5.0,,
null,,,null,,,0x0800,,,192.168.1.248,,,192.168.1.177,,,6,,,49152,,,37367,,,GET,,,192.168.1.248:49152,,,HTTP/1.1,,, /rootDesc.xml,,,Mozilla/5.0,,
null,,,null,,,0x0800,,,192.168.1.248,,,192.168.1.177,,,6,,,49152,,,37366,,,GET,,,192.168.1.248:49152,,,HTTP/1.1,,, /rootDesc.xml,,,Mozilla/5.0,,
null,,,null,,,0x0800,,,192.168.1.248,,,192.168.1.177,,,6,,,49152,,,37369,,,GET,,,192.168.1.248:49152,,,HTTP/1.1,,, /rootDesc.xml,,,Mozilla/5.0,,
null,,,null,,,0x0800,,,192.168.1.248,,,192.168.1.177,,,6,,,49152,,,37368,,,GET,,,192.168.1.248:49152,,,HTTP/1.1,,, /rootDesc.xml,,,Mozilla/5.0,,
null,,,null,,,0x0800,,,192.168.1.1,,,192.168.1.177,,,6,,,5000,,,42661,,,SUBSCRIBE,,,192.168.1.1:5000,,,HTTP/1.1,,, /evt/L3F,,,Linux/3.4.39 UPnP/1.1 HUPnP/1.1,,
null,,,null,,,0x0800,,,192.168.1.1,,,192.168.1.177,,,6,,,5000,,,42662,,,SUBSCRIBE,,,192.168.1.1:5000,,,HTTP/1.1,,, /evt/CmnIfCfg,,,Linux/3.4.39 UPnP/1.1 HUPnP/1.1,,
null,,,null,,,0x0800,,,192.168.1.1,,,192.168.1.177,,,6,,,5000,,,42663,,,SUBSCRIBE,,,192.168.1.1:5000,,,HTTP/1.1,,, /evt/IPConn,,,Linux/3.4.39 UPnP/1.1 HUPnP/1.1,,
null,,,null,,,0x0800,,,192.168.1.1,,,192.168.1.177,,,6,,,5000,,,42667,,,SUBSCRIBE,,,192.168.1.1:5000,,,HTTP/1.1,,, /evt/L3F,,,Linux/3.4.39 UPnP/1.1 HUPnP/1.1,,
null,,,null,,,0x0800,,,192.168.1.1,,,192.168.1.177,,,6,,,5000,,,42668,,,SUBSCRIBE,,,192.168.1.1:5000,,,HTTP/1.1,,, /evt/CmnIfCfg,,,Linux/3.4.39 UPnP/1.1 HUPnP/1.1,,
null,,,null,,,0x0800,,,192.168.1.1,,,192.168.1.177,,,6,,,5000,,,42669,,,SUBSCRIBE,,,192.168.1.1:5000,,,HTTP/1.1,,, /evt/IPConn,,,Linux/3.4.39 UPnP/1.1 HUPnP/1.1,,
null,,,null,,,0x0800,,,192.168.1.248,,,192.168.1.177,,,6,,,49152,,,37352,,,GET,,,192.168.1.248:49152,,,HTTP/1.1,,, /rootDesc.xml,,,Mozilla/5.0,,
null,,,null,,,0x0800,,,192.168.1.248,,,192.168.1.177,,,6,,,49152,,,37351,,,GET,,,192.168.1.248:49152,,,HTTP/1.1,,, /rootDesc.xml,,,Mozilla/5.0,,
null,,,null,,,0x0800,,,192.168.1.248,,,192.168.1.177,,,6,,,49152,,,37354,,,GET,,,192.168.1.248:49152,,,HTTP/1.1,,, /rootDesc.xml,,,Mozilla/5.0,,
null,,,null,,,0x0800,,,192.168.1.248,,,192.168.1.177,,,6,,,49152,,,37353,,,GET,,,192.168.1.248:49152,,,HTTP/1.1,,, /rootDesc.xml,,,Mozilla/5.0,,
null,,,null,,,0x0800,,,192.168.1.248,,,192.168.1.177,,,6,,,49152,,,37356,,,GET,,,192.168.1.248:49152,,,HTTP/1.1,,, /rootDesc.xml,,,Mozilla/5.0,,
null,,,null,,,0x0800,,,192.168.1.248,,,192.168.1.177,,,6,,,49152,,,37355,,,GET,,,192.168.1.248:49152,,,HTTP/1.1,,, /rootDesc.xml,,,Mozilla/5.0,,
null,,,null,,,0x0800,,,192.168.1.248,,,192.168.1.177,,,6,,,49152,,,37358,,,GET,,,192.168.1.248:49152,,,HTTP/1.1,,, /rootDesc.xml,,,Mozilla/5.0,,
null,,,null,,,0x0800,,,192.168.1.248,,,192.168.1.177,,,6,,,49152,,,37357,,,GET,,,192.168.1.248:49152,,,HTTP/1.1,,, /rootDesc.xml,,,Mozilla/5.0,,
null,,,null,,,0x0800,,,192.168.1.248,,,192.168.1.177,,,6,,,49152,,,37359,,,GET,,,192.168.1.248:49152,,,HTTP/1.1,,, /rootDesc.xml,,,Mozilla/5.0,,
null,,,null,,,0x0800,,,192.168.1.248,,,192.168.1.177,,,6,,,49152,,,37460,,,GET,,,192.168.1.248:49152,,,HTTP/1.1,,, /rootDesc.xml,,,Mozilla/5.0,,
null,,,null,,,0x0800,,,192.168.1.248,,,192.168.1.177,,,6,,,49152,,,37461,,,GET,,,192.168.1.248:49152,,,HTTP/1.1,,, /rootDesc.xml,,,Mozilla/5.0,,
null,,,null,,,0x0800,,,192.168.1.248,,,192.168.1.177,,,6,,,49152,,,37464,,,GET,,,192.168.1.248:49152,,,HTTP/1.1,,, /rootDesc.xml,,,Mozilla/5.0,,
null,,,null,,,0x0800,,,192.168.1.248,,,192.168.1.177,,,6,,,49152,,,37463,,,GET,,,192.168.1.248:49152,,,HTTP/1.1,,, /rootDesc.xml,,,Mozilla/5.0,,
null,,,null,,,0x0800,,,192.168.1.248,,,192.168.1.177,,,6,,,49152,,,37468,,,GET,,,192.168.1.248:49152,,,HTTP/1.1,,, /rootDesc.xml,,,Mozilla/5.0,,
null,,,null,,,0x0800,,,192.168.1.248,,,192.168.1.177,,,6,,,49152,,,37469,,,GET,,,192.168.1.248:49152,,,HTTP/1.1,,, /rootDesc.xml,,,Mozilla/5.0,,
null,,,null,,,0x0800,,,192.168.1.248,,,192.168.1.177,,,6,,,49152,,,37450,,,GET,,,192.168.1.248:49152,,,HTTP/1.1,,, /rootDesc.xml,,,Mozilla/5.0,,
null,,,null,,,0x0800,,,192.168.1.248,,,192.168.1.177,,,6,,,49152,,,37455,,,GET,,,192.168.1.248:49152,,,HTTP/1.1,,, /rootDesc.xml,,,Mozilla/5.0,,
null,,,null,,,0x0800,,,192.168.1.248,,,192.168.1.177,,,6,,,49152,,,37454,,,GET,,,192.168.1.248:49152,,,HTTP/1.1,,, /rootDesc.xml,,,Mozilla/5.0,,
null,,,null,,,0x0800,,,192.168.1.248,,,192.168.1.177,,,6,,,49152,,,37456,,,GET,,,192.168.1.248:49152,,,HTTP/1.1,,, /rootDesc.xml,,,Mozilla/5.0,,
null,,,null,,,0x0800,,,192.168.1.248,,,192.168.1.177,,,6,,,49152,,,37440,,,GET,,,192.168.1.248:49152,,,HTTP/1.1,,, /rootDesc.xml,,,Mozilla/5.0,,
null,,,null,,,0x0800,,,192.168.1.248,,,192.168.1.177,,,6,,,49152,,,37444,,,GET,,,192.168.1.248:49152,,,HTTP/1.1,,, /rootDesc.xml,,,Mozilla/5.0,,
null,,,null,,,0x0800,,,192.168.1.248,,,192.168.1.177,,,6,,,49152,,,37446,,,GET,,,192.168.1.248:49152,,,HTTP/1.1,,, /rootDesc.xml,,,Mozilla/5.0,,
null,,,null,,,0x0800,,,192.168.1.248,,,192.168.1.177,,,6,,,49152,,,37445,,,GET,,,192.168.1.248:49152,,,HTTP/1.1,,, /rootDesc.xml,,,Mozilla/5.0,,
null,,,null,,,0x0800,,,192.168.1.248,,,192.168.1.177,,,6,,,49152,,,37448,,,GET,,,192.168.1.248:49152,,,HTTP/1.1,,, /rootDesc.xml,,,Mozilla/5.0,,
null,,,null,,,0x0800,,,192.168.1.248,,,192.168.1.177,,,6,,,49152,,,37447,,,GET,,,192.168.1.248:49152,,,HTTP/1.1,,, /rootDesc.xml,,,Mozilla/5.0,,
null,,,null,,,0x0800,,,192.168.1.248,,,192.168.1.177,,,6,,,49152,,,37449,,,GET,,,192.168.1.248:49152,,,HTTP/1.1,,, /rootDesc.xml,,,Mozilla/5.0,,
null,,,null,,,0x0800,,,192.168.1.177,,,178.33.226.93,,,6,,,58631,,,80,,,GET,,,iptime.pix-star.com,,,HTTP/1.1,,, /iptime/?hsh=4706528081bcb41a15730c94ea035b31&usr=e076d033bb85,,,Mozilla/5.0,,
null,,,null,,,0x0800,,,192.168.1.248,,,192.168.1.177,,,6,,,49152,,,37431,,,GET,,,192.168.1.248:49152,,,HTTP/1.1,,, /rootDesc.xml,,,Mozilla/5.0,,
null,,,null,,,0x0800,,,192.168.1.248,,,192.168.1.177,,,6,,,49152,,,37430,,,GET,,,192.168.1.248:49152,,,HTTP/1.1,,, /rootDesc.xml,,,Mozilla/5.0,,
null,,,null,,,0x0800,,,192.168.1.248,,,192.168.1.177,,,6,,,49152,,,37433,,,GET,,,192.168.1.248:49152,,,HTTP/1.1,,, /rootDesc.xml,,,Mozilla/5.0,,
null,,,null,,,0x0800,,,192.168.1.248,,,192.168.1.177,,,6,,,49152,,,37432,,,GET,,,192.168.1.248:49152,,,HTTP/1.1,,, /rootDesc.xml,,,Mozilla/5.0,,
null,,,null,,,0x0800,,,192.168.1.248,,,192.168.1.177,,,6,,,49152,,,37435,,,GET,,,192.168.1.248:49152,,,HTTP/1.1,,, /rootDesc.xml,,,Mozilla/5.0,,
null,,,null,,,0x0800,,,192.168.1.248,,,192.168.1.177,,,6,,,49152,,,37434,,,GET,,,192.168.1.248:49152,,,HTTP/1.1,,, /rootDesc.xml,,,Mozilla/5.0,,
null,,,null,,,0x0800,,,192.168.1.248,,,192.168.1.177,,,6,,,49152,,,37437,,,GET,,,192.168.1.248:49152,,,HTTP/1.1,,, /rootDesc.xml,,,Mozilla/5.0,,
null,,,null,,,0x0800,,,192.168.1.248,,,192.168.1.177,,,6,,,49152,,,37436,,,GET,,,192.168.1.248:49152,,,HTTP/1.1,,, /rootDesc.xml,,,Mozilla/5.0,,
null,,,null,,,0x0800,,,192.168.1.248,,,192.168.1.177,,,6,,,49152,,,37439,,,GET,,,192.168.1.248:49152,,,HTTP/1.1,,, /rootDesc.xml,,,Mozilla/5.0,,
null,,,null,,,0x0800,,,192.168.1.248,,,192.168.1.177,,,6,,,49152,,,37438,,,GET,,,192.168.1.248:49152,,,HTTP/1.1,,, /rootDesc.xml,,,Mozilla/5.0,,
null,,,null,,,0x0800,,,192.168.1.248,,,192.168.1.177,,,6,,,49152,,,37420,,,GET,,,192.168.1.248:49152,,,HTTP/1.1,,, /rootDesc.xml,,,Mozilla/5.0,,
null,,,null,,,0x0800,,,192.168.1.248,,,192.168.1.177,,,6,,,49152,,,37422,,,GET,,,192.168.1.248:49152,,,HTTP/1.1,,, /rootDesc.xml,,,Mozilla/5.0,,
null,,,null,,,0x0800,,,192.168.1.248,,,192.168.1.177,,,6,,,49152,,,37421,,,GET,,,192.168.1.248:49152,,,HTTP/1.1,,, /rootDesc.xml,,,Mozilla/5.0,,
null,,,null,,,0x0800,,,192.168.1.248,,,192.168.1.177,,,6,,,49152,,,37428,,,GET,,,192.168.1.248:49152,,,HTTP/1.1,,, /rootDesc.xml,,,Mozilla/5.0,,
null,,,null,,,0x0800,,,192.168.1.248,,,192.168.1.177,,,6,,,49152,,,37427,,,GET,,,192.168.1.248:49152,,,HTTP/1.1,,, /rootDesc.xml,,,Mozilla/5.0,,
null,,,null,,,0x0800,,,192.168.1.248,,,192.168.1.177,,,6,,,49152,,,37429,,,GET,,,192.168.1.248:49152,,,HTTP/1.1,,, /rootDesc.xml,,,Mozilla/5.0,,
null,,,null,,,0x0800,,,192.168.1.248,,,192.168.1.177,,,6,,,49152,,,37411,,,GET,,,192.168.1.248:49152,,,HTTP/1.1,,, /rootDesc.xml,,,Mozilla/5.0,,
null,,,null,,,0x0800,,,192.168.1.248,,,192.168.1.177,,,6,,,49152,,,37410,,,GET,,,192.168.1.248:49152,,,HTTP/1.1,,, /rootDesc.xml,,,Mozilla/5.0,,
null,,,null,,,0x0800,,,192.168.1.248,,,192.168.1.177,,,6,,,49152,,,37413,,,GET,,,192.168.1.248:49152,,,HTTP/1.1,,, /rootDesc.xml,,,Mozilla/5.0,,
null,,,null,,,0x0800,,,192.168.1.248,,,192.168.1.177,,,6,,,49152,,,37412,,,GET,,,192.168.1.248:49152,,,HTTP/1.1,,, /rootDesc.xml,,,Mozilla/5.0,,
null,,,null,,,0x0800,,,192.168.1.248,,,192.168.1.177,,,6,,,49152,,,37415,,,GET,,,192.168.1.248:49152,,,HTTP/1.1,,, /rootDesc.xml,,,Mozilla/5.0,,
null,,,null,,,0x0800,,,192.168.1.248,,,192.168.1.177,,,6,,,49152,,,37417,,,GET,,,192.168.1.248:49152,,,HTTP/1.1,,, /rootDesc.xml,,,Mozilla/5.0,,
null,,,null,,,0x0800,,,192.168.1.248,,,192.168.1.177,,,6,,,49152,,,37416,,,GET,,,192.168.1.248:49152,,,HTTP/1.1,,, /rootDesc.xml,,,Mozilla/5.0,,
null,,,null,,,0x0800,,,192.168.1.248,,,192.168.1.177,,,6,,,49152,,,37419,,,GET,,,192.168.1.248:49152,,,HTTP/1.1,,, /rootDesc.xml,,,Mozilla/5.0,,
null,,,null,,,0x0800,,,192.168.1.248,,,192.168.1.177,,,6,,,49152,,,37418,,,GET,,,192.168.1.248:49152,,,HTTP/1.1,,, /rootDesc.xml,,,Mozilla/5.0,,
null,,,null,,,0x0800,,,192.168.1.248,,,192.168.1.177,,,6,,,49152,,,37402,,,GET,,,192.168.1.248:49152,,,HTTP/1.1,,, /rootDesc.xml,,,Mozilla/5.0,,
null,,,null,,,0x0800,,,192.168.1.248,,,192.168.1.177,,,6,,,49152,,,37404,,,GET,,,192.168.1.248:49152,,,HTTP/1.1,,, /rootDesc.xml,,,Mozilla/5.0,,
null,,,null,,,0x0800,,,192.168.1.248,,,192.168.1.177,,,6,,,49152,,,37403,,,GET,,,192.168.1.248:49152,,,HTTP/1.1,,, /rootDesc.xml,,,Mozilla/5.0,,
null,,,null,,,0x0800,,,192.168.1.248,,,192.168.1.177,,,6,,,49152,,,37406,,,GET,,,192.168.1.248:49152,,,HTTP/1.1,,, /rootDesc.xml,,,Mozilla/5.0,,
null,,,null,,,0x0800,,,192.168.1.248,,,192.168.1.177,,,6,,,49152,,,37405,,,GET,,,192.168.1.248:49152,,,HTTP/1.1,,, /rootDesc.xml,,,Mozilla/5.0,,
null,,,null,,,0x0800,,,192.168.1.248,,,192.168.1.177,,,6,,,49152,,,37408,,,GET,,,192.168.1.248:49152,,,HTTP/1.1,,, /rootDesc.xml,,,Mozilla/5.0,,
null,,,null,,,0x0800,,,192.168.1.248,,,192.168.1.177,,,6,,,49152,,,37407,,,GET,,,192.168.1.248:49152,,,HTTP/1.1,,, /rootDesc.xml,,,Mozilla/5.0,,
null,,,null,,,0x0800,,,192.168.1.248,,,192.168.1.177,,,6,,,49152,,,37409,,,GET,,,192.168.1.248:49152,,,HTTP/1.1,,, /rootDesc.xml,,,Mozilla/5.0,,
null,,,null,,,0x0800,,,178.33.226.93,,,192.168.1.177,,,6,,,80,,,53633,,,GET,,,iptime.pix-star.com,,,HTTP/1.1,,, /iptime/?hsh=4706528081bcb41a15730c94ea035b31&usr=e076d033bb85,,,Mozilla/5.0,,
null,,,null,,,0x0800,,,192.168.1.1,,,192.168.1.177,,,6,,,38941,,,46380,,,NOTIFY,,,192.168.1.177:46380,,,HTTP/1.1,,, /66c988a8-eb57-4efb-b2db-f45c05288ab8,,,,,
null,,,null,,,0x0800,,,192.168.1.1,,,192.168.1.177,,,6,,,38940,,,46380,,,NOTIFY,,,192.168.1.177:46380,,,HTTP/1.1,,, /0b7a0eef-fcd5-4d67-a769-ad30ce3f8a9d,,,,,
null,,,null,,,0x0800,,,192.168.1.1,,,192.168.1.177,,,6,,,38943,,,46380,,,NOTIFY,,,192.168.1.177:46380,,,HTTP/1.1,,, /0b7a0eef-fcd5-4d67-a769-ad30ce3f8a9d,,,,,
null,,,null,,,0x0800,,,192.168.1.1,,,192.168.1.177,,,6,,,38942,,,46380,,,NOTIFY,,,192.168.1.177:46380,,,HTTP/1.1,,, /fd7d371c-9110-4e61-8819-0a19b715bf1b,,,,,
null,,,null,,,0x0800,,,192.168.1.1,,,192.168.1.177,,,6,,,38945,,,46380,,,NOTIFY,,,192.168.1.177:46380,,,HTTP/1.1,,, /fd7d371c-9110-4e61-8819-0a19b715bf1b,,,,,
null,,,null,,,0x0800,,,192.168.1.1,,,192.168.1.177,,,6,,,38944,,,46380,,,NOTIFY,,,192.168.1.177:46380,,,HTTP/1.1,,, /66c988a8-eb57-4efb-b2db-f45c05288ab8,,,,,
null,,,null,,,0x0800,,,192.168.1.1,,,192.168.1.177,,,6,,,38947,,,46380,,,NOTIFY,,,192.168.1.177:46380,,,HTTP/1.1,,, /66c988a8-eb57-4efb-b2db-f45c05288ab8,,,,,
null,,,null,,,0x0800,,,192.168.1.1,,,192.168.1.177,,,6,,,38946,,,46380,,,NOTIFY,,,192.168.1.177:46380,,,HTTP/1.1,,, /0b7a0eef-fcd5-4d67-a769-ad30ce3f8a9d,,,,,
null,,,null,,,0x0800,,,192.168.1.1,,,192.168.1.177,,,6,,,38949,,,46380,,,NOTIFY,,,192.168.1.177:46380,,,HTTP/1.1,,, /fd7d371c-9110-4e61-8819-0a19b715bf1b,,,,,
null,,,null,,,0x0800,,,192.168.1.1,,,192.168.1.177,,,6,,,38948,,,46380,,,NOTIFY,,,192.168.1.177:46380,,,HTTP/1.1,,, /0b7a0eef-fcd5-4d67-a769-ad30ce3f8a9d,,,,,
null,,,null,,,0x0800,,,192.168.1.248,,,192.168.1.177,,,6,,,49152,,,37491,,,GET,,,192.168.1.248:49152,,,HTTP/1.1,,, /rootDesc.xml,,,Mozilla/5.0,,
null,,,null,,,0x0800,,,192.168.1.248,,,192.168.1.177,,,6,,,49152,,,37490,,,GET,,,192.168.1.248:49152,,,HTTP/1.1,,, /rootDesc.xml,,,Mozilla/5.0,,
null,,,null,,,0x0800,,,192.168.1.248,,,192.168.1.177,,,6,,,49152,,,37492,,,GET,,,192.168.1.248:49152,,,HTTP/1.1,,, /rootDesc.xml,,,Mozilla/5.0,,
null,,,null,,,0x0800,,,192.168.1.248,,,192.168.1.177,,,6,,,49152,,,37499,,,GET,,,192.168.1.248:49152,,,HTTP/1.1,,, /rootDesc.xml,,,Mozilla/5.0,,
null,,,null,,,0x0800,,,192.168.1.248,,,192.168.1.177,,,6,,,49152,,,37498,,,GET,,,192.168.1.248:49152,,,HTTP/1.1,,, /rootDesc.xml,,,Mozilla/5.0,,
null,,,null,,,0x0800,,,192.168.1.248,,,192.168.1.177,,,6,,,49152,,,37482,,,GET,,,192.168.1.248:49152,,,HTTP/1.1,,, /rootDesc.xml,,,Mozilla/5.0,,
null,,,null,,,0x0800,,,192.168.1.248,,,192.168.1.177,,,6,,,49152,,,37484,,,GET,,,192.168.1.248:49152,,,HTTP/1.1,,, /rootDesc.xml,,,Mozilla/5.0,,
null,,,null,,,0x0800,,,192.168.1.248,,,192.168.1.177,,,6,,,49152,,,37483,,,GET,,,192.168.1.248:49152,,,HTTP/1.1,,, /rootDesc.xml,,,Mozilla/5.0,,
null,,,null,,,0x0800,,,192.168.1.248,,,192.168.1.177,,,6,,,49152,,,37486,,,GET,,,192.168.1.248:49152,,,HTTP/1.1,,, /rootDesc.xml,,,Mozilla/5.0,,
null,,,null,,,0x0800,,,192.168.1.248,,,192.168.1.177,,,6,,,49152,,,37485,,,GET,,,192.168.1.248:49152,,,HTTP/1.1,,, /rootDesc.xml,,,Mozilla/5.0,,
null,,,null,,,0x0800,,,192.168.1.248,,,192.168.1.177,,,6,,,49152,,,37488,,,GET,,,192.168.1.248:49152,,,HTTP/1.1,,, /rootDesc.xml,,,Mozilla/5.0,,
null,,,null,,,0x0800,,,192.168.1.248,,,192.168.1.177,,,6,,,49152,,,37487,,,GET,,,192.168.1.248:49152,,,HTTP/1.1,,, /rootDesc.xml,,,Mozilla/5.0,,
null,,,null,,,0x0800,,,192.168.1.248,,,192.168.1.177,,,6,,,49152,,,37489,,,GET,,,192.168.1.248:49152,,,HTTP/1.1,,, /rootDesc.xml,,,Mozilla/5.0,,
null,,,null,,,0x0800,,,192.168.1.248,,,192.168.1.177,,,6,,,49152,,,37471,,,GET,,,192.168.1.248:49152,,,HTTP/1.1,,, /rootDesc.xml,,,Mozilla/5.0,,
null,,,null,,,0x0800,,,192.168.1.248,,,192.168.1.177,,,6,,,49152,,,37470,,,GET,,,192.168.1.248:49152,,,HTTP/1.1,,, /rootDesc.xml,,,Mozilla/5.0,,
null,,,null,,,0x0800,,,192.168.1.248,,,192.168.1.177,,,6,,,49152,,,37473,,,GET,,,192.168.1.248:49152,,,HTTP/1.1,,, /rootDesc.xml,,,Mozilla/5.0,,
null,,,null,,,0x0800,,,192.168.1.248,,,192.168.1.177,,,6,,,49152,,,37472,,,GET,,,192.168.1.248:49152,,,HTTP/1.1,,, /rootDesc.xml,,,Mozilla/5.0,,
null,,,null,,,0x0800,,,192.168.1.248,,,192.168.1.177,,,6,,,49152,,,37475,,,GET,,,192.168.1.248:49152,,,HTTP/1.1,,, /rootDesc.xml,,,Mozilla/5.0,,
null,,,null,,,0x0800,,,192.168.1.248,,,192.168.1.177,,,6,,,49152,,,37474,,,GET,,,192.168.1.248:49152,,,HTTP/1.1,,, /rootDesc.xml,,,Mozilla/5.0,,
null,,,null,,,0x0800,,,192.168.1.248,,,192.168.1.177,,,6,,,49152,,,37477,,,GET,,,192.168.1.248:49152,,,HTTP/1.1,,, /rootDesc.xml,,,Mozilla/5.0,,
null,,,null,,,0x0800,,,192.168.1.248,,,192.168.1.177,,,6,,,49152,,,37476,,,GET,,,192.168.1.248:49152,,,HTTP/1.1,,, /rootDesc.xml,,,Mozilla/5.0,,
null,,,null,,,0x0800,,,192.168.1.248,,,192.168.1.177,,,6,,,49152,,,37478,,,GET,,,192.168.1.248:49152,,,HTTP/1.1,,, /rootDesc.xml,,,Mozilla/5.0,,
null,,,null,,,0x0800,,,192.168.1.248,,,192.168.1.177,,,6,,,49152,,,37572,,,GET,,,192.168.1.248:49152,,,HTTP/1.1,,, /rootDesc.xml,,,Mozilla/5.0,,
null,,,null,,,0x0800,,,192.168.1.248,,,192.168.1.177,,,6,,,49152,,,37571,,,GET,,,192.168.1.248:49152,,,HTTP/1.1,,, /rootDesc.xml,,,Mozilla/5.0,,
null,,,null,,,0x0800,,,192.168.1.248,,,192.168.1.177,,,6,,,49152,,,37574,,,GET,,,192.168.1.248:49152,,,HTTP/1.1,,, /rootDesc.xml,,,Mozilla/5.0,,
null,,,null,,,0x0800,,,192.168.1.248,,,192.168.1.177,,,6,,,49152,,,37573,,,GET,,,192.168.1.248:49152,,,HTTP/1.1,,, /rootDesc.xml,,,Mozilla/5.0,,
null,,,null,,,0x0800,,,192.168.1.248,,,192.168.1.177,,,6,,,49152,,,37576,,,GET,,,192.168.1.248:49152,,,HTTP/1.1,,, /rootDesc.xml,,,Mozilla/5.0,,
null,,,null,,,0x0800,,,192.168.1.248,,,192.168.1.177,,,6,,,49152,,,37575,,,GET,,,192.168.1.248:49152,,,HTTP/1.1,,, /rootDesc.xml,,,Mozilla/5.0,,
null,,,null,,,0x0800,,,192.168.1.248,,,192.168.1.177,,,6,,,49152,,,37561,,,GET,,,192.168.1.248:49152,,,HTTP/1.1,,, /rootDesc.xml,,,Mozilla/5.0,,
null,,,null,,,0x0800,,,192.168.1.248,,,192.168.1.177,,,6,,,49152,,,37560,,,GET,,,192.168.1.248:49152,,,HTTP/1.1,,, /rootDesc.xml,,,Mozilla/5.0,,
null,,,null,,,0x0800,,,192.168.1.248,,,192.168.1.177,,,6,,,49152,,,37565,,,GET,,,192.168.1.248:49152,,,HTTP/1.1,,, /rootDesc.xml,,,Mozilla/5.0,,
null,,,null,,,0x0800,,,192.168.1.248,,,192.168.1.177,,,6,,,49152,,,37567,,,GET,,,192.168.1.248:49152,,,HTTP/1.1,,, /rootDesc.xml,,,Mozilla/5.0,,
null,,,null,,,0x0800,,,192.168.1.248,,,192.168.1.177,,,6,,,49152,,,37566,,,GET,,,192.168.1.248:49152,,,HTTP/1.1,,, /rootDesc.xml,,,Mozilla/5.0,,
null,,,null,,,0x0800,,,192.168.1.248,,,192.168.1.177,,,6,,,49152,,,37550,,,GET,,,192.168.1.248:49152,,,HTTP/1.1,,, /rootDesc.xml,,,Mozilla/5.0,,
null,,,null,,,0x0800,,,192.168.1.248,,,192.168.1.177,,,6,,,49152,,,37552,,,GET,,,192.168.1.248:49152,,,HTTP/1.1,,, /rootDesc.xml,,,Mozilla/5.0,,
null,,,null,,,0x0800,,,192.168.1.248,,,192.168.1.177,,,6,,,49152,,,37551,,,GET,,,192.168.1.248:49152,,,HTTP/1.1,,, /rootDesc.xml,,,Mozilla/5.0,,
null,,,null,,,0x0800,,,192.168.1.248,,,192.168.1.177,,,6,,,49152,,,37554,,,GET,,,192.168.1.248:49152,,,HTTP/1.1,,, /rootDesc.xml,,,Mozilla/5.0,,
null,,,null,,,0x0800,,,192.168.1.248,,,192.168.1.177,,,6,,,49152,,,37553,,,GET,,,192.168.1.248:49152,,,HTTP/1.1,,, /rootDesc.xml,,,Mozilla/5.0,,
null,,,null,,,0x0800,,,192.168.1.248,,,192.168.1.177,,,6,,,49152,,,37558,,,GET,,,192.168.1.248:49152,,,HTTP/1.1,,, /rootDesc.xml,,,Mozilla/5.0,,
null,,,null,,,0x0800,,,192.168.1.248,,,192.168.1.177,,,6,,,49152,,,37559,,,GET,,,192.168.1.248:49152,,,HTTP/1.1,,, /rootDesc.xml,,,Mozilla/5.0,,
null,,,null,,,0x0800,,,192.168.1.248,,,192.168.1.177,,,6,,,49152,,,37540,,,GET,,,192.168.1.248:49152,,,HTTP/1.1,,, /rootDesc.xml,,,Mozilla/5.0,,
null,,,null,,,0x0800,,,192.168.1.248,,,192.168.1.177,,,6,,,49152,,,37545,,,GET,,,192.168.1.248:49152,,,HTTP/1.1,,, /rootDesc.xml,,,Mozilla/5.0,,
null,,,null,,,0x0800,,,192.168.1.248,,,192.168.1.177,,,6,,,49152,,,37546,,,GET,,,192.168.1.248:49152,,,HTTP/1.1,,, /rootDesc.xml,,,Mozilla/5.0,,
null,,,null,,,0x0800,,,192.168.1.248,,,192.168.1.177,,,6,,,49152,,,37530,,,GET,,,192.168.1.248:49152,,,HTTP/1.1,,, /rootDesc.xml,,,Mozilla/5.0,,
null,,,null,,,0x0800,,,192.168.1.248,,,192.168.1.177,,,6,,,49152,,,37531,,,GET,,,192.168.1.248:49152,,,HTTP/1.1,,, /rootDesc.xml,,,Mozilla/5.0,,
null,,,null,,,0x0800,,,192.168.1.248,,,192.168.1.177,,,6,,,49152,,,37536,,,GET,,,192.168.1.248:49152,,,HTTP/1.1,,, /rootDesc.xml,,,Mozilla/5.0,,
null,,,null,,,0x0800,,,192.168.1.248,,,192.168.1.177,,,6,,,49152,,,37535,,,GET,,,192.168.1.248:49152,,,HTTP/1.1,,, /rootDesc.xml,,,Mozilla/5.0,,
null,,,null,,,0x0800,,,192.168.1.248,,,192.168.1.177,,,6,,,49152,,,37538,,,GET,,,192.168.1.248:49152,,,HTTP/1.1,,, /rootDesc.xml,,,Mozilla/5.0,,
null,,,null,,,0x0800,,,192.168.1.248,,,192.168.1.177,,,6,,,49152,,,37537,,,GET,,,192.168.1.248:49152,,,HTTP/1.1,,, /rootDesc.xml,,,Mozilla/5.0,,
null,,,null,,,0x0800,,,192.168.1.248,,,192.168.1.177,,,6,,,49152,,,37539,,,GET,,,192.168.1.248:49152,,,HTTP/1.1,,, /rootDesc.xml,,,Mozilla/5.0,,
null,,,null,,,0x0800,,,192.168.1.248,,,192.168.1.177,,,6,,,49152,,,37521,,,GET,,,192.168.1.248:49152,,,HTTP/1.1,,, /rootDesc.xml,,,Mozilla/5.0,,
null,,,null,,,0x0800,,,192.168.1.248,,,192.168.1.177,,,6,,,49152,,,37523,,,GET,,,192.168.1.248:49152,,,HTTP/1.1,,, /rootDesc.xml,,,Mozilla/5.0,,
null,,,null,,,0x0800,,,192.168.1.248,,,192.168.1.177,,,6,,,49152,,,37522,,,GET,,,192.168.1.248:49152,,,HTTP/1.1,,, /rootDesc.xml,,,Mozilla/5.0,,
null,,,null,,,0x0800,,,192.168.1.248,,,192.168.1.177,,,6,,,49152,,,37524,,,GET,,,192.168.1.248:49152,,,HTTP/1.1,,, /rootDesc.xml,,,Mozilla/5.0,,
null,,,null,,,0x0800,,,192.168.1.248,,,192.168.1.177,,,6,,,49152,,,37529,,,GET,,,192.168.1.248:49152,,,HTTP/1.1,,, /rootDesc.xml,,,Mozilla/5.0,,
null,,,null,,,0x0800,,,192.168.1.248,,,192.168.1.177,,,6,,,49152,,,37528,,,GET,,,192.168.1.248:49152,,,HTTP/1.1,,, /rootDesc.xml,,,Mozilla/5.0,,
null,,,null,,,0x0800,,,192.168.1.248,,,192.168.1.177,,,6,,,49152,,,37510,,,GET,,,192.168.1.248:49152,,,HTTP/1.1,,, /rootDesc.xml,,,Mozilla/5.0,,
null,,,null,,,0x0800,,,192.168.1.248,,,192.168.1.177,,,6,,,49152,,,37512,,,GET,,,192.168.1.248:49152,,,HTTP/1.1,,, /rootDesc.xml,,,Mozilla/5.0,,
null,,,null,,,0x0800,,,192.168.1.248,,,192.168.1.177,,,6,,,49152,,,37511,,,GET,,,192.168.1.248:49152,,,HTTP/1.1,,, /rootDesc.xml,,,Mozilla/5.0,,
null,,,null,,,0x0800,,,192.168.1.248,,,192.168.1.177,,,6,,,49152,,,37514,,,GET,,,192.168.1.248:49152,,,HTTP/1.1,,, /rootDesc.xml,,,Mozilla/5.0,,
null,,,null,,,0x0800,,,192.168.1.248,,,192.168.1.177,,,6,,,49152,,,37513,,,GET,,,192.168.1.248:49152,,,HTTP/1.1,,, /rootDesc.xml,,,Mozilla/5.0,,
null,,,null,,,0x0800,,,192.168.1.248,,,192.168.1.177,,,6,,,49152,,,37516,,,GET,,,192.168.1.248:49152,,,HTTP/1.1,,, /rootDesc.xml,,,Mozilla/5.0,,
null,,,null,,,0x0800,,,192.168.1.248,,,192.168.1.177,,,6,,,49152,,,37515,,,GET,,,192.168.1.248:49152,,,HTTP/1.1,,, /rootDesc.xml,,,Mozilla/5.0,,
null,,,null,,,0x0800,,,192.168.1.248,,,192.168.1.177,,,6,,,49152,,,37518,,,GET,,,192.168.1.248:49152,,,HTTP/1.1,,, /rootDesc.xml,,,Mozilla/5.0,,
null,,,null,,,0x0800,,,192.168.1.248,,,192.168.1.177,,,6,,,49152,,,37517,,,GET,,,192.168.1.248:49152,,,HTTP/1.1,,, /rootDesc.xml,,,Mozilla/5.0,,
null,,,null,,,0x0800,,,192.168.1.248,,,192.168.1.177,,,6,,,49152,,,37501,,,GET,,,192.168.1.248:49152,,,HTTP/1.1,,, /rootDesc.xml,,,Mozilla/5.0,,
null,,,null,,,0x0800,,,192.168.1.248,,,192.168.1.177,,,6,,,49152,,,37500,,,GET,,,192.168.1.248:49152,,,HTTP/1.1,,, /rootDesc.xml,,,Mozilla/5.0,,
null,,,null,,,0x0800,,,192.168.1.248,,,192.168.1.177,,,6,,,49152,,,37503,,,GET,,,192.168.1.248:49152,,,HTTP/1.1,,, /rootDesc.xml,,,Mozilla/5.0,,
null,,,null,,,0x0800,,,192.168.1.248,,,192.168.1.177,,,6,,,49152,,,37502,,,GET,,,192.168.1.248:49152,,,HTTP/1.1,,, /rootDesc.xml,,,Mozilla/5.0,,
null,,,null,,,0x0800,,,192.168.1.248,,,192.168.1.177,,,6,,,49152,,,37507,,,GET,,,192.168.1.248:49152,,,HTTP/1.1,,, /rootDesc.xml,,,Mozilla/5.0,,
null,,,null,,,0x0800,,,192.168.1.248,,,192.168.1.177,,,6,,,49152,,,37509,,,GET,,,192.168.1.248:49152,,,HTTP/1.1,,, /rootDesc.xml,,,Mozilla/5.0,,
null,,,null,,,0x0800,,,192.168.1.248,,,192.168.1.177,,,6,,,49152,,,37508,,,GET,,,192.168.1.248:49152,,,HTTP/1.1,,, /rootDesc.xml,,,Mozilla/5.0,,
null,,,null,,,0x0800,,,192.168.1.1,,,192.168.1.177,,,6,,,38950,,,46380,,,NOTIFY,,,192.168.1.177:46380,,,HTTP/1.1,,, /66c988a8-eb57-4efb-b2db-f45c05288ab8,,,,,
null,,,null,,,0x0800,,,178.33.226.93,,,192.168.1.177,,,6,,,80,,,53525,,,GET,,,iptime.pix-star.com,,,HTTP/1.1,,, /iptime/?hsh=4706528081bcb41a15730c94ea035b31&usr=e076d033bb85,,,Mozilla/5.0,,
null,,,null,,,0x0800,,,192.168.1.1,,,192.168.1.177,,,6,,,38953,,,46380,,,NOTIFY,,,192.168.1.177:46380,,,HTTP/1.1,,, /66c988a8-eb57-4efb-b2db-f45c05288ab8,,,,,
null,,,null,,,0x0800,,,192.168.1.1,,,192.168.1.177,,,6,,,38952,,,46380,,,NOTIFY,,,192.168.1.177:46380,,,HTTP/1.1,,, /fd7d371c-9110-4e61-8819-0a19b715bf1b,,,,,
null,,,null,,,0x0800,,,192.168.1.1,,,192.168.1.177,,,6,,,38951,,,46380,,,NOTIFY,,,192.168.1.177:46380,,,HTTP/1.1,,, /0b7a0eef-fcd5-4d67-a769-ad30ce3f8a9d,,,,,
null,,,null,,,0x0800,,,192.168.1.1,,,192.168.1.177,,,6,,,5000,,,42435,,,SUBSCRIBE,,,192.168.1.1:5000,,,HTTP/1.1,,, /evt/L3F,,,Linux/3.4.39 UPnP/1.1 HUPnP/1.1,,
null,,,null,,,0x0800,,,192.168.1.1,,,192.168.1.177,,,6,,,38955,,,46380,,,NOTIFY,,,192.168.1.177:46380,,,HTTP/1.1,,, /fd7d371c-9110-4e61-8819-0a19b715bf1b,,,,,
null,,,null,,,0x0800,,,192.168.1.1,,,192.168.1.177,,,6,,,5000,,,42436,,,SUBSCRIBE,,,192.168.1.1:5000,,,HTTP/1.1,,, /evt/CmnIfCfg,,,Linux/3.4.39 UPnP/1.1 HUPnP/1.1,,
null,,,null,,,0x0800,,,192.168.1.1,,,192.168.1.177,,,6,,,5000,,,42437,,,SUBSCRIBE,,,192.168.1.1:5000,,,HTTP/1.1,,, /evt/IPConn,,,Linux/3.4.39 UPnP/1.1 HUPnP/1.1,,
null,,,null,,,0x0800,,,192.168.1.1,,,192.168.1.177,,,6,,,5000,,,42447,,,SUBSCRIBE,,,192.168.1.1:5000,,,HTTP/1.1,,, /evt/L3F,,,Linux/3.4.39 UPnP/1.1 HUPnP/1.1,,
null,,,null,,,0x0800,,,192.168.1.1,,,192.168.1.177,,,6,,,38954,,,46380,,,NOTIFY,,,192.168.1.177:46380,,,HTTP/1.1,,, /0b7a0eef-fcd5-4d67-a769-ad30ce3f8a9d,,,,,
null,,,null,,,0x0800,,,192.168.1.1,,,192.168.1.177,,,6,,,5000,,,42448,,,SUBSCRIBE,,,192.168.1.1:5000,,,HTTP/1.1,,, /evt/CmnIfCfg,,,Linux/3.4.39 UPnP/1.1 HUPnP/1.1,,
null,,,null,,,0x0800,,,192.168.1.1,,,192.168.1.177,,,6,,,5000,,,42449,,,SUBSCRIBE,,,192.168.1.1:5000,,,HTTP/1.1,,, /evt/IPConn,,,Linux/3.4.39 UPnP/1.1 HUPnP/1.1,,
null,,,null,,,0x0800,,,192.168.1.1,,,192.168.1.177,,,6,,,38957,,,46380,,,NOTIFY,,,192.168.1.177:46380,,,HTTP/1.1,,, /0b7a0eef-fcd5-4d67-a769-ad30ce3f8a9d,,,,,
null,,,null,,,0x0800,,,192.168.1.1,,,192.168.1.177,,,6,,,5000,,,42459,,,SUBSCRIBE,,,192.168.1.1:5000,,,HTTP/1.1,,, /evt/L3F,,,Linux/3.4.39 UPnP/1.1 HUPnP/1.1,,
null,,,null,,,0x0800,,,192.168.1.1,,,192.168.1.177,,,6,,,5000,,,42460,,,SUBSCRIBE,,,192.168.1.1:5000,,,HTTP/1.1,,, /evt/CmnIfCfg,,,Linux/3.4.39 UPnP/1.1 HUPnP/1.1,,
null,,,null,,,0x0800,,,192.168.1.1,,,192.168.1.177,,,6,,,5000,,,42461,,,SUBSCRIBE,,,192.168.1.1:5000,,,HTTP/1.1,,, /evt/IPConn,,,Linux/3.4.39 UPnP/1.1 HUPnP/1.1,,
null,,,null,,,0x0800,,,192.168.1.1,,,192.168.1.177,,,6,,,38956,,,46380,,,NOTIFY,,,192.168.1.177:46380,,,HTTP/1.1,,, /66c988a8-eb57-4efb-b2db-f45c05288ab8,,,,,
null,,,null,,,0x0800,,,178.33.226.93,,,192.168.1.177,,,6,,,80,,,53579,,,GET,,,iptime.pix-star.com,,,HTTP/1.1,,, /iptime/?hsh=4706528081bcb41a15730c94ea035b31&usr=e076d033bb85,,,Mozilla/5.0,,
null,,,null,,,0x0800,,,192.168.1.1,,,192.168.1.177,,,6,,,38959,,,46380,,,NOTIFY,,,192.168.1.177:46380,,,HTTP/1.1,,, /66c988a8-eb57-4efb-b2db-f45c05288ab8,,,,,
null,,,null,,,0x0800,,,192.168.1.1,,,192.168.1.177,,,6,,,5000,,,42482,,,SUBSCRIBE,,,192.168.1.1:5000,,,HTTP/1.1,,, /evt/L3F,,,Linux/3.4.39 UPnP/1.1 HUPnP/1.1,,
null,,,null,,,0x0800,,,192.168.1.1,,,192.168.1.177,,,6,,,5000,,,42483,,,SUBSCRIBE,,,192.168.1.1:5000,,,HTTP/1.1,,, /evt/CmnIfCfg,,,Linux/3.4.39 UPnP/1.1 HUPnP/1.1,,
null,,,null,,,0x0800,,,192.168.1.1,,,192.168.1.177,,,6,,,5000,,,42484,,,SUBSCRIBE,,,192.168.1.1:5000,,,HTTP/1.1,,, /evt/IPConn,,,Linux/3.4.39 UPnP/1.1 HUPnP/1.1,,
null,,,null,,,0x0800,,,192.168.1.1,,,192.168.1.177,,,6,,,38958,,,46380,,,NOTIFY,,,192.168.1.177:46380,,,HTTP/1.1,,, /fd7d371c-9110-4e61-8819-0a19b715bf1b,,,,,
null,,,null,,,0x0800,,,192.168.1.1,,,192.168.1.177,,,6,,,5000,,,42492,,,SUBSCRIBE,,,192.168.1.1:5000,,,HTTP/1.1,,, /evt/L3F,,,Linux/3.4.39 UPnP/1.1 HUPnP/1.1,,
null,,,null,,,0x0800,,,192.168.1.1,,,192.168.1.177,,,6,,,5000,,,42493,,,SUBSCRIBE,,,192.168.1.1:5000,,,HTTP/1.1,,, /evt/CmnIfCfg,,,Linux/3.4.39 UPnP/1.1 HUPnP/1.1,,
null,,,null,,,0x0800,,,192.168.1.1,,,192.168.1.177,,,6,,,5000,,,42494,,,SUBSCRIBE,,,192.168.1.1:5000,,,HTTP/1.1,,, /evt/IPConn,,,Linux/3.4.39 UPnP/1.1 HUPnP/1.1,,
null,,,null,,,0x0800,,,192.168.1.1,,,192.168.1.177,,,6,,,5000,,,42498,,,SUBSCRIBE,,,192.168.1.1:5000,,,HTTP/1.1,,, /evt/L3F,,,Linux/3.4.39 UPnP/1.1 HUPnP/1.1,,
null,,,null,,,0x0800,,,192.168.1.1,,,192.168.1.177,,,6,,,5000,,,42499,,,SUBSCRIBE,,,192.168.1.1:5000,,,HTTP/1.1,,, /evt/CmnIfCfg,,,Linux/3.4.39 UPnP/1.1 HUPnP/1.1,,
null,,,null,,,0x0800,,,192.168.1.177,,,178.33.226.93,,,6,,,58735,,,80,,,GET,,,iptime.pix-star.com,,,HTTP/1.1,,, /iptime/?hsh=4706528081bcb41a15730c94ea035b31&usr=e076d033bb85,,,Mozilla/5.0,,
null,,,null,,,0x0800,,,192.168.1.177,,,178.33.226.93,,,6,,,34792,,,80,,,GET,,,iptime.pix-star.com,,,HTTP/1.1,,, /iptime/?hsh=4706528081bcb41a15730c94ea035b31&usr=e076d033bb85,,,Mozilla/5.0,,
null,,,null,,,0x0800,,,192.168.1.1,,,192.168.1.177,,,6,,,38960,,,46380,,,NOTIFY,,,192.168.1.177:46380,,,HTTP/1.1,,, /fd7d371c-9110-4e61-8819-0a19b715bf1b,,,,,
null,,,null,,,0x0800,,,192.168.1.1,,,192.168.1.177,,,6,,,38963,,,46380,,,NOTIFY,,,192.168.1.177:46380,,,HTTP/1.1,,, /66c988a8-eb57-4efb-b2db-f45c05288ab8,,,,,
null,,,null,,,0x0800,,,192.168.1.1,,,192.168.1.177,,,6,,,38962,,,46380,,,NOTIFY,,,192.168.1.177:46380,,,HTTP/1.1,,, /fd7d371c-9110-4e61-8819-0a19b715bf1b,,,,,
null,,,null,,,0x0800,,,192.168.1.1,,,192.168.1.177,,,6,,,38961,,,46380,,,NOTIFY,,,192.168.1.177:46380,,,HTTP/1.1,,, /0b7a0eef-fcd5-4d67-a769-ad30ce3f8a9d,,,,,
null,,,null,,,0x0800,,,192.168.1.1,,,192.168.1.177,,,6,,,38965,,,46380,,,NOTIFY,,,192.168.1.177:46380,,,HTTP/1.1,,, /66c988a8-eb57-4efb-b2db-f45c05288ab8,,,,,
null,,,null,,,0x0800,,,178.33.226.93,,,192.168.1.177,,,6,,,80,,,53424,,,GET,,,iptime.pix-star.com,,,HTTP/1.1,,, /iptime/?hsh=4706528081bcb41a15730c94ea035b31&usr=e076d033bb85,,,Mozilla/5.0,,
null,,,null,,,0x0800,,,192.168.1.1,,,192.168.1.177,,,6,,,38964,,,46380,,,NOTIFY,,,192.168.1.177:46380,,,HTTP/1.1,,, /0b7a0eef-fcd5-4d67-a769-ad30ce3f8a9d,,,,,
null,,,null,,,0x0800,,,192.168.1.1,,,192.168.1.177,,,6,,,5000,,,42552,,,SUBSCRIBE,,,192.168.1.1:5000,,,HTTP/1.1,,, /evt/IPConn,,,Linux/3.4.39 UPnP/1.1 HUPnP/1.1,,
null,,,null,,,0x0800,,,192.168.1.1,,,192.168.1.177,,,6,,,38967,,,46380,,,NOTIFY,,,192.168.1.177:46380,,,HTTP/1.1,,, /fd7d371c-9110-4e61-8819-0a19b715bf1b,,,,,
null,,,null,,,0x0800,,,192.168.1.1,,,192.168.1.177,,,6,,,5000,,,42556,,,SUBSCRIBE,,,192.168.1.1:5000,,,HTTP/1.1,,, /evt/L3F,,,Linux/3.4.39 UPnP/1.1 HUPnP/1.1,,
null,,,null,,,0x0800,,,192.168.1.1,,,192.168.1.177,,,6,,,5000,,,42557,,,SUBSCRIBE,,,192.168.1.1:5000,,,HTTP/1.1,,, /evt/CmnIfCfg,,,Linux/3.4.39 UPnP/1.1 HUPnP/1.1,,
null,,,null,,,0x0800,,,192.168.1.1,,,192.168.1.177,,,6,,,5000,,,42558,,,SUBSCRIBE,,,192.168.1.1:5000,,,HTTP/1.1,,, /evt/IPConn,,,Linux/3.4.39 UPnP/1.1 HUPnP/1.1,,
null,,,null,,,0x0800,,,192.168.1.1,,,192.168.1.177,,,6,,,5000,,,42564,,,SUBSCRIBE,,,192.168.1.1:5000,,,HTTP/1.1,,, /evt/L3F,,,Linux/3.4.39 UPnP/1.1 HUPnP/1.1,,
null,,,null,,,0x0800,,,192.168.1.1,,,192.168.1.177,,,6,,,5000,,,42565,,,SUBSCRIBE,,,192.168.1.1:5000,,,HTTP/1.1,,, /evt/CmnIfCfg,,,Linux/3.4.39 UPnP/1.1 HUPnP/1.1,,
null,,,null,,,0x0800,,,192.168.1.1,,,192.168.1.177,,,6,,,5000,,,42566,,,SUBSCRIBE,,,192.168.1.1:5000,,,HTTP/1.1,,, /evt/IPConn,,,Linux/3.4.39 UPnP/1.1 HUPnP/1.1,,
null,,,null,,,0x0800,,,192.168.1.1,,,192.168.1.177,,,6,,,38966,,,46380,,,NOTIFY,,,192.168.1.177:46380,,,HTTP/1.1,,, /0b7a0eef-fcd5-4d67-a769-ad30ce3f8a9d,,,,,
null,,,null,,,0x0800,,,192.168.1.1,,,192.168.1.177,,,6,,,38969,,,46380,,,NOTIFY,,,192.168.1.177:46380,,,HTTP/1.1,,, /66c988a8-eb57-4efb-b2db-f45c05288ab8,,,,,
null,,,null,,,0x0800,,,192.168.1.1,,,192.168.1.177,,,6,,,5000,,,42578,,,SUBSCRIBE,,,192.168.1.1:5000,,,HTTP/1.1,,, /evt/L3F,,,Linux/3.4.39 UPnP/1.1 HUPnP/1.1,,
null,,,null,,,0x0800,,,192.168.1.1,,,192.168.1.177,,,6,,,5000,,,42579,,,SUBSCRIBE,,,192.168.1.1:5000,,,HTTP/1.1,,, /evt/CmnIfCfg,,,Linux/3.4.39 UPnP/1.1 HUPnP/1.1,,
null,,,null,,,0x0800,,,192.168.1.1,,,192.168.1.177,,,6,,,5000,,,42580,,,SUBSCRIBE,,,192.168.1.1:5000,,,HTTP/1.1,,, /evt/IPConn,,,Linux/3.4.39 UPnP/1.1 HUPnP/1.1,,
null,,,null,,,0x0800,,,192.168.1.1,,,192.168.1.177,,,6,,,38968,,,46380,,,NOTIFY,,,192.168.1.177:46380,,,HTTP/1.1,,, /fd7d371c-9110-4e61-8819-0a19b715bf1b,,,,,
null,,,null,,,0x0800,,,192.168.1.1,,,192.168.1.177,,,6,,,5000,,,42594,,,SUBSCRIBE,,,192.168.1.1:5000,,,HTTP/1.1,,, /evt/L3F,,,Linux/3.4.39 UPnP/1.1 HUPnP/1.1,,
null,,,null,,,0x0800,,,192.168.1.1,,,192.168.1.177,,,6,,,5000,,,42595,,,SUBSCRIBE,,,192.168.1.1:5000,,,HTTP/1.1,,, /evt/CmnIfCfg,,,Linux/3.4.39 UPnP/1.1 HUPnP/1.1,,
null,,,null,,,0x0800,,,192.168.1.1,,,192.168.1.177,,,6,,,5000,,,42596,,,SUBSCRIBE,,,192.168.1.1:5000,,,HTTP/1.1,,, /evt/IPConn,,,Linux/3.4.39 UPnP/1.1 HUPnP/1.1,,
null,,,null,,,0x0800,,,178.33.226.93,,,192.168.1.177,,,6,,,80,,,53470,,,GET,,,iptime.pix-star.com,,,HTTP/1.1,,, /iptime/?hsh=4706528081bcb41a15730c94ea035b31&usr=e076d033bb85,,,Mozilla/5.0,,
null,,,null,,,0x0800,,,192.168.1.1,,,192.168.1.177,,,6,,,5000,,,42522,,,SUBSCRIBE,,,192.168.1.1:5000,,,HTTP/1.1,,, /evt/L3F,,,Linux/3.4.39 UPnP/1.1 HUPnP/1.1,,
null,,,null,,,0x0800,,,192.168.1.1,,,192.168.1.177,,,6,,,5000,,,42523,,,SUBSCRIBE,,,192.168.1.1:5000,,,HTTP/1.1,,, /evt/CmnIfCfg,,,Linux/3.4.39 UPnP/1.1 HUPnP/1.1,,
null,,,null,,,0x0800,,,192.168.1.1,,,192.168.1.177,,,6,,,5000,,,42524,,,SUBSCRIBE,,,192.168.1.1:5000,,,HTTP/1.1,,, /evt/IPConn,,,Linux/3.4.39 UPnP/1.1 HUPnP/1.1,,
null,,,null,,,0x0800,,,192.168.1.1,,,192.168.1.177,,,6,,,5000,,,42540,,,SUBSCRIBE,,,192.168.1.1:5000,,,HTTP/1.1,,, /evt/L3F,,,Linux/3.4.39 UPnP/1.1 HUPnP/1.1,,
null,,,null,,,0x0800,,,192.168.1.1,,,192.168.1.177,,,6,,,5000,,,42541,,,SUBSCRIBE,,,192.168.1.1:5000,,,HTTP/1.1,,, /evt/CmnIfCfg,,,Linux/3.4.39 UPnP/1.1 HUPnP/1.1,,
null,,,null,,,0x0800,,,192.168.1.1,,,192.168.1.177,,,6,,,5000,,,42542,,,SUBSCRIBE,,,192.168.1.1:5000,,,HTTP/1.1,,, /evt/IPConn,,,Linux/3.4.39 UPnP/1.1 HUPnP/1.1,,
null,,,null,,,0x0800,,,192.168.1.1,,,192.168.1.177,,,6,,,5000,,,42550,,,SUBSCRIBE,,,192.168.1.1:5000,,,HTTP/1.1,,, /evt/L3F,,,Linux/3.4.39 UPnP/1.1 HUPnP/1.1,,
null,,,null,,,0x0800,,,192.168.1.1,,,192.168.1.177,,,6,,,5000,,,42551,,,SUBSCRIBE,,,192.168.1.1:5000,,,HTTP/1.1,,, /evt/CmnIfCfg,,,Linux/3.4.39 UPnP/1.1 HUPnP/1.1,,
null,,,null,,,0x0800,,,192.168.1.177,,,178.33.226.93,,,6,,,34695,,,80,,,GET,,,iptime.pix-star.com,,,HTTP/1.1,,, /iptime/?hsh=4706528081bcb41a15730c94ea035b31&usr=e076d033bb85,,,Mozilla/5.0,,
null,,,null,,,0x0800,,,192.168.1.1,,,192.168.1.177,,,6,,,38970,,,46380,,,NOTIFY,,,192.168.1.177:46380,,,HTTP/1.1,,, /0b7a0eef-fcd5-4d67-a769-ad30ce3f8a9d,,,,,
null,,,null,,,0x0800,,,192.168.1.1,,,192.168.1.177,,,6,,,38972,,,46380,,,NOTIFY,,,192.168.1.177:46380,,,HTTP/1.1,,, /0b7a0eef-fcd5-4d67-a769-ad30ce3f8a9d,,,,,
null,,,null,,,0x0800,,,192.168.1.1,,,192.168.1.177,,,6,,,38971,,,46380,,,NOTIFY,,,192.168.1.177:46380,,,HTTP/1.1,,, /66c988a8-eb57-4efb-b2db-f45c05288ab8,,,,,
null,,,null,,,0x0800,,,192.168.1.177,,,178.33.226.93,,,6,,,58795,,,80,,,GET,,,iptime.pix-star.com,,,HTTP/1.1,,, /iptime/?hsh=4706528081bcb41a15730c94ea035b31&usr=e076d033bb85,,,Mozilla/5.0,,
null,,,null,,,0x0800,,,192.168.1.1,,,192.168.1.177,,,6,,,38975,,,46380,,,NOTIFY,,,192.168.1.177:46380,,,HTTP/1.1,,, /66c988a8-eb57-4efb-b2db-f45c05288ab8,,,,,
null,,,null,,,0x0800,,,192.168.1.1,,,192.168.1.177,,,6,,,38974,,,46380,,,NOTIFY,,,192.168.1.177:46380,,,HTTP/1.1,,, /fd7d371c-9110-4e61-8819-0a19b715bf1b,,,,,
null,,,null,,,0x0800,,,192.168.1.1,,,192.168.1.177,,,6,,,38973,,,46380,,,NOTIFY,,,192.168.1.177:46380,,,HTTP/1.1,,, /fd7d371c-9110-4e61-8819-0a19b715bf1b,,,,,
null,,,null,,,0x0800,,,192.168.1.1,,,192.168.1.177,,,6,,,38977,,,46380,,,NOTIFY,,,192.168.1.177:46380,,,HTTP/1.1,,, /66c988a8-eb57-4efb-b2db-f45c05288ab8,,,,,
null,,,null,,,0x0800,,,192.168.1.1,,,192.168.1.177,,,6,,,38976,,,46380,,,NOTIFY,,,192.168.1.177:46380,,,HTTP/1.1,,, /0b7a0eef-fcd5-4d67-a769-ad30ce3f8a9d,,,,,
null,,,null,,,0x0800,,,192.168.1.1,,,192.168.1.177,,,6,,,38979,,,46380,,,NOTIFY,,,192.168.1.177:46380,,,HTTP/1.1,,, /fd7d371c-9110-4e61-8819-0a19b715bf1b,,,,,
null,,,null,,,0x0800,,,192.168.1.1,,,192.168.1.177,,,6,,,38978,,,46380,,,NOTIFY,,,192.168.1.177:46380,,,HTTP/1.1,,, /0b7a0eef-fcd5-4d67-a769-ad30ce3f8a9d,,,,,
null,,,null,,,0x0800,,,178.33.226.93,,,192.168.1.177,,,6,,,80,,,40701,,,GET,,,iptime.pix-star.com,,,HTTP/1.1,,, /iptime/?hsh=4706528081bcb41a15730c94ea035b31&usr=e076d033bb85,,,Mozilla/5.0,,
null,,,null,,,0x0800,,,178.33.226.93,,,192.168.1.177,,,6,,,80,,,40733,,,GET,,,iptime.pix-star.com,,,HTTP/1.1,,, /iptime/?hsh=4706528081bcb41a15730c94ea035b31&usr=e076d033bb85,,,Mozilla/5.0,,
null,,,null,,,0x0800,,,192.168.1.177,,,178.33.226.93,,,6,,,58542,,,80,,,GET,,,iptime.pix-star.com,,,HTTP/1.1,,, /iptime/?hsh=4706528081bcb41a15730c94ea035b31&usr=e076d033bb85,,,Mozilla/5.0,,
null,,,null,,,0x0800,,,178.33.226.93,,,192.168.1.177,,,6,,,80,,,34846,,,GET,,,iptime.pix-star.com,,,HTTP/1.1,,, /iptime/?hsh=4706528081bcb41a15730c94ea035b31&usr=e076d033bb85,,,Mozilla/5.0,,
null,,,null,,,0x0800,,,192.168.1.177,,,178.33.226.93,,,6,,,58444,,,80,,,GET,,,iptime.pix-star.com,,,HTTP/1.1,,, /iptime/?hsh=4706528081bcb41a15730c94ea035b31&usr=e076d033bb85,,,Mozilla/5.0,,
null,,,null,,,0x0800,,,192.168.1.177,,,178.33.226.93,,,6,,,58689,,,80,,,GET,,,iptime.pix-star.com,,,HTTP/1.1,,, /iptime/?hsh=4706528081bcb41a15730c94ea035b31&usr=e076d033bb85,,,Mozilla/5.0,,
