srcMac,,, dstMac,,, ethType,,, srcIp,,, dstIp,,, ipProto,,, srcPort,,, dstPort,,,authentication_credential,,,method,,,host,,,request-version,,,uri,,,authentication_type,,,user-agent,,
null,,,null,,,0x0800,,,192.168.1.120,,,91.121.58.223,,,6,,,32835,,,80,,,,,,GET,,,developer.invoxia.com,,,HTTP/1.1,,, /update/triby/update.pup?mac=18:B7:9E:02:20:44&machine=triby&board_name=TRIBY_V0&revision=5&sub_revision=4271&version=triby-10.48.1&version_build=52.3a.e0&up=2120756&hwcap=1:0&feature_tag=&board_flags=c:1,ci:0,vl:0,cv:0,p:1,,,,,,,,
null,,,null,,,0x0800,,,192.168.1.120,,,91.121.58.223,,,6,,,32830,,,80,,,,,,GET,,,developer.invoxia.com,,,HTTP/1.1,,, /update/triby/update.pup?mac=18:B7:9E:02:20:44&machine=triby&board_name=TRIBY_V0&revision=5&sub_revision=4271&version=triby-10.48.1&version_build=52.3a.e0&up=2034349&hwcap=1:0&feature_tag=&board_flags=c:1,ci:0,vl:0,cv:0,p:1,,,,,,,,
null,,,null,,,0x0800,,,192.168.1.239,,,192.168.1.120,,,6,,,42956,,,80,,,,,,GET,,,192.168.1.120,,,HTTP/1.1,,, /api/config,,,,,,Dalvik/2.1.0 (Linux; U; Android 6.0.1; SM-T810 Build/MMB29K),,
null,,,null,,,0x0800,,,194.68.30.131,,,192.168.1.120,,,6,,,80,,,46731,,,,,,GET,,,esdk-ffl.spotify.com,,,HTTP/1.0,,, /esdk-fire-and-forget/?key_id=1&value=oKAZBNkC0bq%2fCtxHoXW5cMjzcwrbLsfesQ5jqFmdG5cVDMrK70vWFaO6Atx9mMTn5KqUF0TZnBP5VyVKD6Y3j4lEc7oL4lgllkmqas4zEVee9a5HhE3yC61BBU%2fBz3L5rG6Ieq3R3RZ9CHD%2bfXw6VSkzzpEg7W2EwsHZ1acBQOv%2bh4ndCbeklUE3gmZa8gva6vOSGQz1oz46%2fP0tZI8IvP5QYkCveYPsMPjZln7eUfKCTXsCc8DQi%2f83PZG%2birNv7NEMGDYltJW4sC%2bfOs7b47NqibBiZ%2bfjJMDIWcKVvT9IgFGe6feYyr%2bGwPKud0F4yr2I6Gs06XmH2FlzIibG98GTsFk%3d,,,,,,,,
null,,,null,,,0x0800,,,192.168.1.120,,,91.121.58.223,,,6,,,61000,,,80,,,,,,GET,,,developer.invoxia.com,,,HTTP/1.1,,, /update/triby/update.pup?mac=18:B7:9E:02:20:44&machine=triby&board_name=TRIBY_V0&revision=5&sub_revision=4271&version=triby-10.48.1&version_build=52.3a.e0&up=864091&hwcap=1:0&feature_tag=&board_flags=c:1,ci:0,vl:0,cv:0,p:1,,,,,,,,
null,,,null,,,0x0800,,,192.168.1.120,,,52.62.218.228,,,6,,,58820,,,80,,,,,,GET,,,icecast.icecast.sbs.com.au,,,HTTP/1.1,,, /SBSRadioOne,,,,,,Lavf/57.2.100,,
null,,,null,,,0x0800,,,194.68.30.99,,,192.168.1.120,,,6,,,80,,,48576,,,,,,GET,,,esdk-ffl.spotify.com,,,HTTP/1.0,,, /esdk-fire-and-forget/?key_id=1&value=C9I1NQxZAkwVGpmKIGBShCemNUKXDGwBucJehCMjmAxbPkByq4UATU53Ci3xvmVB%2bCzQQL0ZkhU6HpnYBK5hBkQnlr66NZNQJ2zZk2e9WHOGEFtzDpuWGITMDwtoVH7sjaA4PUn%2foDRL9aK%2btcfcQbbH2agsfkxNvjqJsG%2fvoXjw6op7YuH8wR%2bewPAzYq5rMOjPNCWCI0zvTrLIEkVl7vyraV7EIjW3kYxi81U7zi4R9e5cSsb4Mn64NJGxJwT4wLazGnRYv07LEm4Fa46yyhPSyxDt49Q5%2f7sbBCJ0%2b2Ue%2brLTLAQS6t%2fsJvbo2RhKGUYux%2f9SkvvvCAnZTPD0Sxp2vN87y7rWoo8JgjiDHqrczuNxxwvzy1REXWXGYAyLXagmBUB1I0CixNgT5EP1vDAbvS0fwjGtOjs%3d,,,,,,,,
null,,,null,,,0x0800,,,91.121.58.223,,,192.168.1.120,,,6,,,80,,,60388,,,,,,GET,,,developer.invoxia.com,,,HTTP/1.1,,, /update/triby/update.pup?mac=18:B7:9E:02:20:44&machine=triby&board_name=TRIBY_V0&revision=5&sub_revision=4271&version=triby-11.1.4&version_build=64.5a.14&up=265439&hwcap=1:0&feature_tag=&board_flags=c:1,ci:0,vl:0,cv:0,p:1,,,,,,,,
null,,,null,,,0x0800,,,192.168.1.120,,,52.62.218.228,,,6,,,42777,,,80,,,,,,GET,,,icecast.icecast.sbs.com.au,,,HTTP/1.1,,, /SBSRadioOne,,,,,,Lavf/57.2.100,,
null,,,null,,,0x0800,,,192.168.1.120,,,91.121.58.223,,,6,,,38323,,,80,,,,,,GET,,,developer.invoxia.com,,,HTTP/1.1,,, /update/triby/update.pup?mac=18:B7:9E:02:20:44&machine=triby&board_name=TRIBY_V0&revision=5&sub_revision=4271&version=triby-11.1.4&version_build=64.5a.14&up=86447&hwcap=1:0&feature_tag=&board_flags=c:1,ci:0,vl:0,cv:0,p:1,,,,,,,,
null,,,null,,,0x0800,,,192.168.1.120,,,52.62.218.228,,,6,,,58817,,,80,,,,,,GET,,,icecast.icecast.sbs.com.au,,,HTTP/1.1,,, /SBSRadioOne,,,,,,Lavf/57.2.100,,
null,,,null,,,0x0800,,,192.168.1.120,,,52.62.218.228,,,6,,,58818,,,80,,,,,,GET,,,icecast.icecast.sbs.com.au,,,HTTP/1.1,,, /SBSRadioOne,,,,,,Lavf/57.2.100,,
null,,,null,,,0x0800,,,192.168.1.120,,,91.121.58.223,,,6,,,32970,,,80,,,,,,GET,,,developer.invoxia.com,,,HTTP/1.1,,, /update/triby/update.pup?mac=18:B7:9E:02:20:44&machine=triby&board_name=TRIBY_V0&revision=5&sub_revision=4271&version=triby-10.48.1&version_build=52.3a.e0&up=36&hwcap=1:0&feature_tag=&board_flags=c:1,ci:0,vl:0,cv:0,p:1,,,,,,,,
null,,,null,,,0x0800,,,192.168.1.239,,,192.168.1.120,,,6,,,36576,,,80,,,,,,GET,,,192.168.1.120,,,HTTP/1.1,,, /api/config,,,,,,Dalvik/2.1.0 (Linux; U; Android 6.0.1; SM-T810 Build/MMB29K),,
null,,,null,,,0x0800,,,192.168.1.120,,,91.121.58.223,,,6,,,32849,,,80,,,,,,GET,,,developer.invoxia.com,,,HTTP/1.1,,, /update/triby/update.pup?mac=18:B7:9E:02:20:44&machine=triby&board_name=TRIBY_V0&revision=5&sub_revision=4271&version=triby-10.48.1&version_build=52.3a.e0&up=2207163&hwcap=1:0&feature_tag=&board_flags=c:1,ci:0,vl:0,cv:0,p:1,,,,,,,,
null,,,null,,,0x0800,,,192.168.1.120,,,91.121.58.223,,,6,,,32977,,,80,,,,,,GET,,,developer.invoxia.com,,,HTTP/1.1,,, /update/triby/update.pup?mac=18:B7:9E:02:20:44&machine=triby&board_name=TRIBY_V0&revision=5&sub_revision=4271&version=triby-10.48.1&version_build=52.3a.e0&up=86439&hwcap=1:0&feature_tag=&board_flags=c:1,ci:0,vl:0,cv:0,p:1,,,,,,,,
null,,,null,,,0x0800,,,91.121.58.223,,,192.168.1.120,,,6,,,80,,,55852,,,,,,GET,,,developer.invoxia.com,,,HTTP/1.1,,, /update/triby/update.pup?mac=18:B7:9E:02:20:44&machine=triby&board_name=TRIBY_V0&revision=5&sub_revision=4271&version=triby-11.1.4&version_build=64.5a.14&up=259256&hwcap=1:0&feature_tag=&board_flags=c:1,ci:0,vl:0,cv:0,p:1,,,,,,,,
null,,,null,,,0x0800,,,103.52.193.17,,,192.168.1.120,,,6,,,80,,,41055,,,,,,GET,,,live-radio01.mediahubaustralia.com,,,HTTP/1.1,,, /2LRW/mp3/,,,,,,Lavf/57.2.100,,
null,,,null,,,0x0800,,,103.52.193.17,,,192.168.1.120,,,6,,,80,,,41052,,,,,,GET,,,live-radio01.mediahubaustralia.com,,,HTTP/1.1,,, /2LRW/mp3/,,,,,,Lavf/57.2.100,,
null,,,null,,,0x0800,,,194.68.30.83,,,192.168.1.120,,,6,,,80,,,43126,,,,,,GET,,,esdk-ffl.spotify.com,,,HTTP/1.0,,, /esdk-fire-and-forget/?key_id=1&value=QoOKYuxa0zgjFRcqb2f%2b7ilt6SOepDKWeRpvDJN9%2fX3VoDjaQx21UVHurZuwh81g1oPb%2bOkZ81IkGMii6KhVYK0ASNPj5%2bBpA1VjGRZZ0CHnDrUn2oTS6wPMAIncEvlv3KagSPG6juzUeRphYAHxaAgyKK%2bEFuubNpi%2bJxmsmP4UpfkFPiz%2fp58cjjgvyo5MgTooonl80hVh%2bKb%2bkl744NX4uw%2bxRUnE9ykk3jMOmDZ%2bDjc5wZsbx%2b7q4V0FjZ5WcyAScrBJ3lOdzlF%2bjnyJydhEMLtqbKt7Kk%2bDrmkRkSwM3IXpWGsfwLFDr%2fiqTAOnhttM4YUzOVozkBPEAPLFBJPtcmZWzgLODOL7fMlQAkYPyGGh68cNP7YcAWSYZ8CcZEtCR7q65Ssytz1Wg8AkllSPt6tTBikT6GY%3d,,,,,,,,
null,,,null,,,0x0800,,,192.168.1.120,,,91.121.58.223,,,6,,,55990,,,80,,,,,,GET,,,developer.invoxia.com,,,HTTP/1.1,,, /update/triby/update.pup?mac=18:B7:9E:02:20:44&machine=triby&board_name=TRIBY_V0&revision=5&sub_revision=4271&version=triby-10.48.1&version_build=52.3a.e0&up=86442&hwcap=1:0&feature_tag=&board_flags=c:1,ci:0,vl:0,cv:0,p:1,,,,,,,,
null,,,null,,,0x0800,,,45.32.147.89,,,192.168.1.120,,,6,,,80,,,47473,,,aGd6eVNRZnloRTFVS0pHM1pVakQybVhmRVk1TGVaaXRYV0NqN0p3WThEZEtlRmUzelRsa3R0VVhIWVdQaERhRjplNWJkZTk5MTI5NDY1MjQ2ZTA1MDYzZTYzODU4OTU2Ng==,,,GET,,,8937406324.airable.io,,,HTTP/1.1,,, /id/airable/radio/4968063390348107,,,Basic,,,,,
null,,,null,,,0x0800,,,45.32.147.89,,,192.168.1.120,,,6,,,80,,,47472,,,,,,GET,,,8937406324.airable.io,,,HTTP/1.1,,, /authentication?device=18B79E022044&name=KTP1&version=triby-10.48.1&locale=en-AU&salt=j8e3adf7&signature=0d2e455abf331d4514addf54ee6895df,,,,,,,,
null,,,null,,,0x0800,,,45.32.147.89,,,192.168.1.120,,,6,,,80,,,47475,,,aGd6eVNRZnloRTFVS0pHM1pVakQybVhmRVk1TGVaaXRYV0NqN0p3WThEZEtlRmUzelRsa3R0VVhIWVdQaERhRjozNTdjNzg0NzgzNmYxNmRhNjliNjljZjA5NmJkNGEyYg==,,,GET,,,8937406324.airable.io,,,HTTP/1.1,,, /airable/play/radio/4968063390348107/8463181381113828,,,Basic,,,,,
null,,,null,,,0x0800,,,192.168.1.120,,,91.121.58.223,,,6,,,55995,,,80,,,,,,GET,,,developer.invoxia.com,,,HTTP/1.1,,, /update/triby/update.pup?mac=18:B7:9E:02:20:44&machine=triby&board_name=TRIBY_V0&revision=5&sub_revision=4271&version=triby-10.48.1&version_build=52.3a.e0&up=345662&hwcap=1:0&feature_tag=&board_flags=c:1,ci:0,vl:0,cv:0,p:1,,,,,,,,
null,,,null,,,0x0800,,,192.168.1.120,,,91.121.58.223,,,6,,,32853,,,80,,,,,,GET,,,developer.invoxia.com,,,HTTP/1.1,,, /update/triby/update.pup?mac=18:B7:9E:02:20:44&machine=triby&board_name=TRIBY_V0&revision=5&sub_revision=4271&version=triby-10.48.1&version_build=52.3a.e0&up=2379976&hwcap=1:0&feature_tag=&board_flags=c:1,ci:0,vl:0,cv:0,p:1,,,,,,,,
null,,,null,,,0x0800,,,192.168.1.120,,,91.121.58.223,,,6,,,55992,,,80,,,,,,GET,,,developer.invoxia.com,,,HTTP/1.1,,, /update/triby/update.pup?mac=18:B7:9E:02:20:44&machine=triby&board_name=TRIBY_V0&revision=5&sub_revision=4271&version=triby-10.48.1&version_build=52.3a.e0&up=172847&hwcap=1:0&feature_tag=&board_flags=c:1,ci:0,vl:0,cv:0,p:1,,,,,,,,
null,,,null,,,0x0800,,,192.168.1.120,,,91.121.58.223,,,6,,,55993,,,80,,,,,,GET,,,developer.invoxia.com,,,HTTP/1.1,,, /update/triby/update.pup?mac=18:B7:9E:02:20:44&machine=triby&board_name=TRIBY_V0&revision=5&sub_revision=4271&version=triby-10.48.1&version_build=52.3a.e0&up=259254&hwcap=1:0&feature_tag=&board_flags=c:1,ci:0,vl:0,cv:0,p:1,,,,,,,,
null,,,null,,,0x0800,,,192.168.1.120,,,91.121.58.223,,,6,,,32851,,,80,,,,,,GET,,,developer.invoxia.com,,,HTTP/1.1,,, /update/triby/update.pup?mac=18:B7:9E:02:20:44&machine=triby&board_name=TRIBY_V0&revision=5&sub_revision=4271&version=triby-10.48.1&version_build=52.3a.e0&up=2293570&hwcap=1:0&feature_tag=&board_flags=c:1,ci:0,vl:0,cv:0,p:1,,,,,,,,
null,,,null,,,0x0800,,,192.168.1.120,,,91.121.58.223,,,6,,,55997,,,80,,,,,,GET,,,developer.invoxia.com,,,HTTP/1.1,,, /update/triby/update.pup?mac=18:B7:9E:02:20:44&machine=triby&board_name=TRIBY_V0&revision=5&sub_revision=4271&version=triby-10.48.1&version_build=52.3a.e0&up=432068&hwcap=1:0&feature_tag=&board_flags=c:1,ci:0,vl:0,cv:0,p:1,,,,,,,,
null,,,null,,,0x0800,,,192.168.1.239,,,192.168.1.120,,,6,,,44993,,,80,,,,,,GET,,,192.168.1.120,,,HTTP/1.1,,, /api/config,,,,,,Dalvik/2.1.0 (Linux; U; Android 6.0.1; SM-T810 Build/MMB29K),,
null,,,null,,,0x0800,,,192.168.1.120,,,91.121.58.223,,,6,,,33085,,,80,,,,,,GET,,,developer.invoxia.com,,,HTTP/1.1,,, /update/triby/update.pup?mac=18:B7:9E:02:20:44&machine=triby&board_name=TRIBY_V0&revision=5&sub_revision=4271&version=triby-11.1.4&version_build=64.5a.14&up=452694&hwcap=1:0&feature_tag=&board_flags=c:1,ci:0,vl:0,cv:0,p:1,,,,,,,,
null,,,null,,,0x0800,,,194.68.30.66,,,192.168.1.120,,,6,,,80,,,33198,,,,,,GET,,,esdk-ffl.spotify.com,,,HTTP/1.0,,, /esdk-fire-and-forget/?key_id=1&value=ZWHR0fIYdPQD2YbmNuZxqqAl7IdAu4cnkasJ4gScyZoDUzGq8w2hnYoHaU8bhAOQc3rT%2bfJWEJjF3i9E3SdQngtGsWFM%2bb2QsFRdAKVft3drM1vHeWf6qImcpGZjiZ2odK877KBST7aXCtFb5V1dLlx1boHjsoghWUrVHJ4AHS5sqWgGZB7YnMTc0qqi1KPsiKqKKgbmjJuy0Dxv32r%2f%2bw0SgWdYwSDlSAzxg%2f7ZUZkjkBWf1%2f%2f%2bgvIddywsCLMJ5SLscUCTwuPZMhxPRsjj4srFCpOQtzShVq2CmPRpeBIDXrw08bI8gkCF83NaOhJQGFSPCysTglaD4GSi2WaAFZXNmsIO5K0uHe1AKgjGKZfaYo0o9JIMLwOsiPNOO1SBrteienu76ZFUPdrA%2f8DZ16GVtKulPHp07N8%3d,,,,,,,,
null,,,null,,,0x0800,,,91.121.58.223,,,192.168.1.120,,,6,,,80,,,32812,,,,,,GET,,,developer.invoxia.com,,,HTTP/1.1,,, /update/triby/update.pup?mac=18:B7:9E:02:20:44&machine=triby&board_name=TRIBY_V0&revision=5&sub_revision=4271&version=triby-10.48.1&version_build=52.3a.e0&up=1602334&hwcap=1:0&feature_tag=&board_flags=c:1,ci:0,vl:0,cv:0,p:1,,,,,,,,
null,,,null,,,0x0800,,,91.121.58.223,,,192.168.1.120,,,6,,,80,,,32814,,,,,,GET,,,developer.invoxia.com,,,HTTP/1.1,,, /update/triby/update.pup?mac=18:B7:9E:02:20:44&machine=triby&board_name=TRIBY_V0&revision=5&sub_revision=4271&version=triby-10.48.1&version_build=52.3a.e0&up=1688736&hwcap=1:0&feature_tag=&board_flags=c:1,ci:0,vl:0,cv:0,p:1,,,,,,,,
null,,,null,,,0x0800,,,91.121.58.223,,,192.168.1.120,,,6,,,80,,,32826,,,,,,GET,,,developer.invoxia.com,,,HTTP/1.1,,, /update/triby/update.pup?mac=18:B7:9E:02:20:44&machine=triby&board_name=TRIBY_V0&revision=5&sub_revision=4271&version=triby-10.48.1&version_build=52.3a.e0&up=1861544&hwcap=1:0&feature_tag=&board_flags=c:1,ci:0,vl:0,cv:0,p:1,,,,,,,,
null,,,null,,,0x0800,,,91.121.58.223,,,192.168.1.120,,,6,,,80,,,32828,,,,,,GET,,,developer.invoxia.com,,,HTTP/1.1,,, /update/triby/update.pup?mac=18:B7:9E:02:20:44&machine=triby&board_name=TRIBY_V0&revision=5&sub_revision=4271&version=triby-10.48.1&version_build=52.3a.e0&up=1947947&hwcap=1:0&feature_tag=&board_flags=c:1,ci:0,vl:0,cv:0,p:1,,,,,,,,
null,,,null,,,0x0800,,,91.121.58.223,,,192.168.1.120,,,6,,,80,,,32802,,,,,,GET,,,developer.invoxia.com,,,HTTP/1.1,,, /update/triby/update.pup?mac=18:B7:9E:02:20:44&machine=triby&board_name=TRIBY_V0&revision=5&sub_revision=4271&version=triby-10.48.1&version_build=52.3a.e0&up=1317020&hwcap=1:0&feature_tag=&board_flags=c:1,ci:0,vl:0,cv:0,p:1,,,,,,,,
null,,,null,,,0x0800,,,91.121.58.223,,,192.168.1.120,,,6,,,80,,,32804,,,,,,GET,,,developer.invoxia.com,,,HTTP/1.1,,, /update/triby/update.pup?mac=18:B7:9E:02:20:44&machine=triby&board_name=TRIBY_V0&revision=5&sub_revision=4271&version=triby-10.48.1&version_build=52.3a.e0&up=1403423&hwcap=1:0&feature_tag=&board_flags=c:1,ci:0,vl:0,cv:0,p:1,,,,,,,,
null,,,null,,,0x0800,,,104.199.240.211,,,192.168.1.120,,,6,,,80,,,59287,,,,,,GET,,,esdk-ffl.spotify.com,,,HTTP/1.0,,, /esdk-fire-and-forget/?key_id=1&value=FO09sdSVG6UmdDI0iYK4ZieWzPPiRtCJHwEtKJP7Hr4UEuYsujJ8mLXUyMpkxVkYQCeJ92aACRzyHHY5BoJlVGQBwg%2bEhP6NybE5yoXHTRIcjgg3ZHwdZTQcz4T9wJC%2fjKiOac6Hz%2fPU3jojYBBYicq70RmEb1D92G%2fkevNmAPONVe5hJiJwAIXsghTmwC%2f6C3COYHjF8Z76ZRULq55l8ssadKFWrPbptV5SZk0%2bnC0dG0UtEA%2fmdGLtqgxKzPDm9IRtcEdgALMVeP4wDkaSWxC1bKZS0syZ%2fZcE976z5m7QF0ZPUim6cEe4ooIwTbbhYpkwAijcQR9vw6VWI6JHi5PojOdqhCUVkFuvApcVr0ueHC%2bG30jDvFzVQPG14l2qgt0OzdcE%2bNNlSSMWRsvCCN8JHDKTGExuTAQ%3d,,,,,,,,
null,,,null,,,0x0800,,,203.13.161.17,,,192.168.1.120,,,6,,,80,,,48559,,,,,,GET,,,whatismyip.akamai.com,,,HTTP/1.1,,, /,,,,,,curl/7.50.1-DEV,,
null,,,null,,,0x0800,,,192.168.1.120,,,192.168.1.239,,,6,,,80,,,60075,,,,,,GET,,,192.168.1.120,,,HTTP/1.1,,, /api/config,,,,,,Dalvik/2.1.0 (Linux; U; Android 6.0.1; SM-T810 Build/MMB29K),,
null,,,null,,,0x0800,,,192.168.1.120,,,91.121.58.223,,,6,,,55747,,,80,,,,,,GET,,,developer.invoxia.com,,,HTTP/1.1,,, /update/triby/update.pup?mac=18:B7:9E:02:20:44&machine=triby&board_name=TRIBY_V0&revision=5&sub_revision=4271&version=triby-11.1.4&version_build=64.5a.14&up=172850&hwcap=1:0&feature_tag=&board_flags=c:1,ci:0,vl:0,cv:0,p:1,,,,,,,,
null,,,null,,,0x0800,,,192.168.1.120,,,192.168.1.239,,,6,,,80,,,59069,,,,,,GET,,,192.168.1.120,,,HTTP/1.1,,, /api/config,,,,,,Dalvik/2.1.0 (Linux; U; Android 6.0.1; SM-T810 Build/MMB29K),,
null,,,null,,,0x0800,,,194.68.30.86,,,192.168.1.120,,,6,,,80,,,34678,,,,,,GET,,,esdk-ffl.spotify.com,,,HTTP/1.0,,, /esdk-fire-and-forget/?key_id=1&value=c6WogJCrSQ3Nhcqo8Fk6R6GJNQldvrM%2f18pDgR9NHMI1YFGe3RUWxnS2JaXNEarcraMp7SYUAW6N7TN2JXXc05mpAPA998jnwLpAnMIxZfKeoY284Wxa5svrNkNbeu30ty%2b1j5sxn2kN1mklrxJz8hnlLUKeqKkdvLMP55MmduLul32Q9xn2iOan41Suvm01kiPk10QGIdk681bE1UvaDpTvWci6P1WewWK4xw26t0jyAo3UCUg7cGIBGAq0kmJQ9mBTKAgOu8%2fzMtVVUOxqivRAuDYLXau9kiN3E39w7CGc2An%2fVtMBJerzBx0kjAS4kyxKnpf4swSP2AH0NiNdARY0r9c%3d,,,,,,,,
null,,,null,,,0x0800,,,192.168.1.239,,,192.168.1.120,,,6,,,57186,,,80,,,,,,GET,,,192.168.1.120,,,HTTP/1.1,,, /api/config,,,,,,Dalvik/2.1.0 (Linux; U; Android 6.0.1; SM-T810 Build/MMB29K),,
null,,,null,,,0x0800,,,192.168.1.120,,,203.5.76.25,,,6,,,44538,,,80,,,,,,GET,,,whatismyip.akamai.com,,,HTTP/1.1,,, /,,,,,,curl/7.50.1-DEV,,
null,,,null,,,0x0800,,,192.168.1.120,,,91.121.58.223,,,6,,,60690,,,80,,,,,,GET,,,developer.invoxia.com,,,HTTP/1.1,,, /update/triby/update.pup?mac=18:B7:9E:02:20:44&machine=triby&board_name=TRIBY_V0&revision=5&sub_revision=4271&version=triby-11.1.4&version_build=62.32.ae&up=86448&hwcap=1:0&feature_tag=&board_flags=c:1,ci:0,vl:0,cv:0,p:1,,,,,,,,
null,,,null,,,0x0800,,,192.168.1.120,,,194.68.30.131,,,6,,,48988,,,80,,,,,,GET,,,esdk-ffl.spotify.com,,,HTTP/1.0,,, /esdk-fire-and-forget/?key_id=1&value=NEdNN0aveQAzrcBg9HKZeEOjY7AKp%2f4OvEjPJjcdwx0Xm9wlhQpQbQ%2bMoGSsx6ph0W5Xu3Uume8FrBrCBdqS9fMbzdovoPNNxafjfqmCX7ZDZABITp4JpzsI9CH2CdspHChn8%2fJfJjmIX2gezhSwSbEVWskBNlQ%2f1tn3pogUJM0DN0jIf6a2Fjkyc8PbHdl%2bxVbg%2bvq8RbiJmTDwak9hiKqUGWd96yLPPb78zREQ5MOcC%2bmTZbJwKMvH%2bV8ooxdpnIkPBsJuys%2fjBknZTw3FGsaAtN2%2b6yDWuPJyN167nNaCEaN9Cd1vMfcRLBUEOUe%2fPFX5XW%2fnybffMoIEtr1SGk60PmQ%3d,,,,,,,,
null,,,null,,,0x0800,,,91.121.58.223,,,192.168.1.120,,,6,,,80,,,60000,,,,,,GET,,,developer.invoxia.com,,,HTTP/1.1,,, /update/triby/update.pup?mac=18:B7:9E:02:20:44&machine=triby&board_name=TRIBY_V0&revision=5&sub_revision=4271&version=triby-11.1.4&version_build=64.5a.14&up=179037&hwcap=1:0&feature_tag=&board_flags=c:1,ci:0,vl:0,cv:0,p:1,,,,,,,,
null,,,null,,,0x0800,,,192.168.1.120,,,203.5.76.10,,,6,,,40525,,,80,,,,,,GET,,,whatismyip.akamai.com,,,HTTP/1.1,,, /,,,,,,curl/7.49.0-DEV,,
null,,,null,,,0x0800,,,192.168.1.120,,,91.121.58.223,,,6,,,38487,,,80,,,,,,GET,,,developer.invoxia.com,,,HTTP/1.1,,, /update/triby/update.pup?mac=18:B7:9E:02:20:44&machine=triby&board_name=TRIBY_V0&revision=5&sub_revision=4271&version=triby-11.1.4&version_build=64.5a.14&up=172852&hwcap=1:0&feature_tag=&board_flags=c:1,ci:0,vl:0,cv:0,p:1,,,,,,,,
null,,,null,,,0x0800,,,192.168.1.120,,,192.168.1.239,,,6,,,80,,,54159,,,,,,GET,,,192.168.1.120,,,HTTP/1.1,,, /api/config,,,,,,Dalvik/2.1.0 (Linux; U; Android 6.0.1; SM-T810 Build/MMB29K),,
null,,,null,,,0x0800,,,192.168.1.239,,,192.168.1.120,,,6,,,60915,,,80,,,,,,GET,,,192.168.1.120,,,HTTP/1.1,,, /api/config,,,,,,Dalvik/2.1.0 (Linux; U; Android 6.0.1; SM-T810 Build/MMB29K),,
null,,,null,,,0x0800,,,203.5.76.10,,,192.168.1.120,,,6,,,80,,,56156,,,,,,GET,,,whatismyip.akamai.com,,,HTTP/1.1,,, /,,,,,,curl/7.50.1-DEV,,
null,,,null,,,0x0800,,,192.168.1.120,,,91.121.58.223,,,6,,,60594,,,80,,,,,,GET,,,developer.invoxia.com,,,HTTP/1.1,,, /update/triby/update.pup?mac=18:B7:9E:02:20:44&machine=triby&board_name=TRIBY_V0&revision=5&sub_revision=4271&version=triby-11.1.4&version_build=62.32.ae&up=46&hwcap=1:0&feature_tag=&board_flags=c:1,ci:0,vl:0,cv:0,p:1,,,,,,,,
null,,,null,,,0x0800,,,91.121.58.223,,,192.168.1.120,,,6,,,80,,,41505,,,,,,GET,,,developer.invoxia.com,,,HTTP/1.1,,, /update/triby/update.pup?mac=18:B7:9E:02:20:44&machine=triby&board_name=TRIBY_V0&revision=5&sub_revision=4271&version=triby-11.1.4&version_build=64.5a.14&up=86441&hwcap=1:0&feature_tag=&board_flags=c:1,ci:0,vl:0,cv:0,p:1,,,,,,,,
null,,,null,,,0x0800,,,91.121.58.223,,,192.168.1.120,,,6,,,80,,,33009,,,,,,GET,,,developer.invoxia.com,,,HTTP/1.1,,, /update/triby/update.pup?mac=18:B7:9E:02:20:44&machine=triby&board_name=TRIBY_V0&revision=5&sub_revision=4271&version=triby-10.48.1&version_build=52.3a.e0&up=259257&hwcap=1:0&feature_tag=&board_flags=c:1,ci:0,vl:0,cv:0,p:1,,,,,,,,
null,,,null,,,0x0800,,,91.121.58.223,,,192.168.1.120,,,6,,,80,,,33008,,,,,,GET,,,developer.invoxia.com,,,HTTP/1.1,,, /update/triby/update.pup?mac=18:B7:9E:02:20:44&machine=triby&board_name=TRIBY_V0&revision=5&sub_revision=4271&version=triby-10.48.1&version_build=52.3a.e0&up=259257&hwcap=1:0&feature_tag=&board_flags=c:1,ci:0,vl:0,cv:0,p:1,,,,,,,,
null,,,null,,,0x0800,,,91.121.58.223,,,192.168.1.120,,,6,,,80,,,33004,,,,,,GET,,,developer.invoxia.com,,,HTTP/1.1,,, /update/triby/update.pup?mac=18:B7:9E:02:20:44&machine=triby&board_name=TRIBY_V0&revision=5&sub_revision=4271&version=triby-10.48.1&version_build=52.3a.e0&up=172850&hwcap=1:0&feature_tag=&board_flags=c:1,ci:0,vl:0,cv:0,p:1,,,,,,,,
null,,,null,,,0x0800,,,91.121.58.223,,,192.168.1.120,,,6,,,80,,,33007,,,,,,GET,,,developer.invoxia.com,,,HTTP/1.1,,, /update/triby/update.pup?mac=18:B7:9E:02:20:44&machine=triby&board_name=TRIBY_V0&revision=5&sub_revision=4271&version=triby-10.48.1&version_build=52.3a.e0&up=259257&hwcap=1:0&feature_tag=&board_flags=c:1,ci:0,vl:0,cv:0,p:1,,,,,,,,
null,,,null,,,0x0800,,,91.121.58.223,,,192.168.1.120,,,6,,,80,,,33006,,,,,,GET,,,developer.invoxia.com,,,HTTP/1.1,,, /update/triby/update.pup?mac=18:B7:9E:02:20:44&machine=triby&board_name=TRIBY_V0&revision=5&sub_revision=4271&version=triby-10.48.1&version_build=52.3a.e0&up=259257&hwcap=1:0&feature_tag=&board_flags=c:1,ci:0,vl:0,cv:0,p:1,,,,,,,,
null,,,null,,,0x0800,,,91.121.58.223,,,192.168.1.120,,,6,,,80,,,33012,,,,,,GET,,,developer.invoxia.com,,,HTTP/1.1,,, /update/triby/update.pup?mac=18:B7:9E:02:20:44&machine=triby&board_name=TRIBY_V0&revision=5&sub_revision=4271&version=triby-10.48.1&version_build=52.3a.e0&up=259257&hwcap=1:0&feature_tag=&board_flags=c:1,ci:0,vl:0,cv:0,p:1,,,,,,,,
null,,,null,,,0x0800,,,91.121.58.223,,,192.168.1.120,,,6,,,80,,,33011,,,,,,GET,,,developer.invoxia.com,,,HTTP/1.1,,, /update/triby/update.pup?mac=18:B7:9E:02:20:44&machine=triby&board_name=TRIBY_V0&revision=5&sub_revision=4271&version=triby-10.48.1&version_build=52.3a.e0&up=259257&hwcap=1:0&feature_tag=&board_flags=c:1,ci:0,vl:0,cv:0,p:1,,,,,,,,
null,,,null,,,0x0800,,,91.121.58.223,,,192.168.1.120,,,6,,,80,,,33014,,,,,,GET,,,developer.invoxia.com,,,HTTP/1.1,,, /update/triby/update.pup?mac=18:B7:9E:02:20:44&machine=triby&board_name=TRIBY_V0&revision=5&sub_revision=4271&version=triby-10.48.1&version_build=52.3a.e0&up=259257&hwcap=1:0&feature_tag=&board_flags=c:1,ci:0,vl:0,cv:0,p:1,,,,,,,,
null,,,null,,,0x0800,,,91.121.58.223,,,192.168.1.120,,,6,,,80,,,33013,,,,,,GET,,,developer.invoxia.com,,,HTTP/1.1,,, /update/triby/update.pup?mac=18:B7:9E:02:20:44&machine=triby&board_name=TRIBY_V0&revision=5&sub_revision=4271&version=triby-10.48.1&version_build=52.3a.e0&up=259257&hwcap=1:0&feature_tag=&board_flags=c:1,ci:0,vl:0,cv:0,p:1,,,,,,,,
null,,,null,,,0x0800,,,91.121.58.223,,,192.168.1.120,,,6,,,80,,,33016,,,,,,GET,,,developer.invoxia.com,,,HTTP/1.1,,, /update/triby/update.pup?mac=18:B7:9E:02:20:44&machine=triby&board_name=TRIBY_V0&revision=5&sub_revision=4271&version=triby-10.48.1&version_build=52.3a.e0&up=259257&hwcap=1:0&feature_tag=&board_flags=c:1,ci:0,vl:0,cv:0,p:1,,,,,,,,
null,,,null,,,0x0800,,,91.121.58.223,,,192.168.1.120,,,6,,,80,,,33015,,,,,,GET,,,developer.invoxia.com,,,HTTP/1.1,,, /update/triby/update.pup?mac=18:B7:9E:02:20:44&machine=triby&board_name=TRIBY_V0&revision=5&sub_revision=4271&version=triby-10.48.1&version_build=52.3a.e0&up=259257&hwcap=1:0&feature_tag=&board_flags=c:1,ci:0,vl:0,cv:0,p:1,,,,,,,,
null,,,null,,,0x0800,,,91.121.58.223,,,192.168.1.120,,,6,,,80,,,33017,,,,,,GET,,,developer.invoxia.com,,,HTTP/1.1,,, /update/triby/update.pup?mac=18:B7:9E:02:20:44&machine=triby&board_name=TRIBY_V0&revision=5&sub_revision=4271&version=triby-10.48.1&version_build=52.3a.e0&up=259257&hwcap=1:0&feature_tag=&board_flags=c:1,ci:0,vl:0,cv:0,p:1,,,,,,,,
null,,,null,,,0x0800,,,91.121.58.223,,,192.168.1.120,,,6,,,80,,,33010,,,,,,GET,,,developer.invoxia.com,,,HTTP/1.1,,, /update/triby/update.pup?mac=18:B7:9E:02:20:44&machine=triby&board_name=TRIBY_V0&revision=5&sub_revision=4271&version=triby-10.48.1&version_build=52.3a.e0&up=259257&hwcap=1:0&feature_tag=&board_flags=c:1,ci:0,vl:0,cv:0,p:1,,,,,,,,
null,,,null,,,0x0800,,,192.168.1.120,,,144.76.157.132,,,6,,,41151,,,80,,,,,,GET,,,1129153316.airable.io,,,HTTP/1.1,,, /1.3/play/4968063390348107,,,,,,,,
null,,,null,,,0x0800,,,192.168.1.120,,,144.76.157.132,,,6,,,41150,,,80,,,,,,GET,,,1129153316.airable.io,,,HTTP/1.1,,, /1.3/play/2425322651863098,,,,,,,,
null,,,null,,,0x0800,,,45.32.147.89,,,192.168.1.120,,,6,,,80,,,43414,,,bVVhQUhhY01tVGRCREdMVFI3dnJVcnNBM2twUGpBUm5RNGJKVjBteW9kTmhiWFd0UXV1NndWTWd6Z1E1OThqYzpjMjg2Njk5MWFjMGQ2ODk4MjY1MTNiOWQ2MWE3NzQ2MA==,,,GET,,,8937406324.airable.io,,,HTTP/1.1,,, /id/airable/radio/2425322651863098,,,Basic,,,,,
null,,,null,,,0x0800,,,45.32.147.89,,,192.168.1.120,,,6,,,80,,,43416,,,enVFZ0VqVU1TNmhOdlE5dGFVYjNDNHcySjVRT2RHTHBmYUp1b1F3SWFYZjN5a21TN2pWUHpzOUhSR3lzcDV6VzplZWUzMWEyMzNlMmNkNjhiZDhmMTczMWMwNjhiZTg5ZA==,,,GET,,,8937406324.airable.io,,,HTTP/1.1,,, /id/airable/radio/2425322651863098,,,Basic,,,,,
null,,,null,,,0x0800,,,45.32.147.89,,,192.168.1.120,,,6,,,80,,,43415,,,,,,GET,,,8937406324.airable.io,,,HTTP/1.1,,, /authentication?device=18B79E022044&name=KTP1&version=triby-10.48.1&locale=en-AU&salt=66fki62h&signature=483833ae951a6a1dd33ed5dd6027edf8,,,,,,,,
null,,,null,,,0x0800,,,45.32.147.89,,,192.168.1.120,,,6,,,80,,,43417,,,enVFZ0VqVU1TNmhOdlE5dGFVYjNDNHcySjVRT2RHTHBmYUp1b1F3SWFYZjN5a21TN2pWUHpzOUhSR3lzcDV6Vzo0NDlkNzBiNmY0OGUxYWNlNTgyM2RlNjI2ZjdlZmNhNQ==,,,GET,,,8937406324.airable.io,,,HTTP/1.1,,, /airable/play/radio/2425322651863098/9434510451741518,,,Basic,,,,,
null,,,null,,,0x0800,,,192.168.1.120,,,91.121.58.223,,,6,,,38724,,,80,,,,,,GET,,,developer.invoxia.com,,,HTTP/1.1,,, /update/triby/update.pup?mac=18:B7:9E:02:20:44&machine=triby&board_name=TRIBY_V0&revision=5&sub_revision=4271&version=triby-11.1.4&version_build=64.5a.14&up=345663&hwcap=1:0&feature_tag=&board_flags=c:1,ci:0,vl:0,cv:0,p:1,,,,,,,,
null,,,null,,,0x0800,,,192.168.1.120,,,45.32.147.89,,,6,,,33170,,,80,,,WlloSHB1MXNIYzRhcnlvS1V5SlBuelppbjZIV0FlellrOG44eGdkNXg5QldoU2RDRk9kSHhCdndvRHFDM2lDdjo4MTNmNjVhNDAwNjJhN2I3NmM3NTE1YmJmZThkNTdlYw==,,,GET,,,8937406324.airable.io,,,HTTP/1.1,,, /airable/play/radio/4968063390348107/8463181381113828,,,Basic,,,,,
null,,,null,,,0x0800,,,91.121.58.223,,,192.168.1.120,,,6,,,80,,,41676,,,,,,GET,,,developer.invoxia.com,,,HTTP/1.1,,, /update/triby/update.pup?mac=18:B7:9E:02:20:44&machine=triby&board_name=TRIBY_V0&revision=5&sub_revision=4271&version=triby-11.1.4&version_build=64.5a.14&up=172850&hwcap=1:0&feature_tag=&board_flags=c:1,ci:0,vl:0,cv:0,p:1,,,,,,,,
null,,,null,,,0x0800,,,192.168.1.120,,,91.121.58.223,,,6,,,39081,,,80,,,,,,GET,,,developer.invoxia.com,,,HTTP/1.1,,, /update/triby/update.pup?mac=18:B7:9E:02:20:44&machine=triby&board_name=TRIBY_V0&revision=5&sub_revision=4271&version=triby-11.1.4&version_build=64.5a.14&up=518476&hwcap=1:0&feature_tag=&board_flags=c:1,ci:0,vl:0,cv:0,p:1,,,,,,,,
null,,,null,,,0x0800,,,203.5.76.25,,,192.168.1.120,,,6,,,80,,,32833,,,,,,GET,,,whatismyip.akamai.com,,,HTTP/1.1,,, /,,,,,,curl/7.50.1-DEV,,
null,,,null,,,0x0800,,,192.168.1.120,,,45.32.147.89,,,6,,,33169,,,80,,,WlloSHB1MXNIYzRhcnlvS1V5SlBuelppbjZIV0FlellrOG44eGdkNXg5QldoU2RDRk9kSHhCdndvRHFDM2lDdjo5YjI1ZGMwNDY1YzY1OWFkNTJhNjVjZWRhNGU2MTE5NQ==,,,GET,,,8937406324.airable.io,,,HTTP/1.1,,, /id/airable/radio/4968063390348107,,,Basic,,,,,
null,,,null,,,0x0800,,,192.168.1.120,,,194.68.30.131,,,6,,,55991,,,80,,,,,,GET,,,esdk-ffl.spotify.com,,,HTTP/1.0,,, /esdk-fire-and-forget/?key_id=1&value=ZgdxBqMWLEzMqJ%2btI29ujDj3W1i9UJMLRhtUNzCJWoDMtS6u2cXTgPUtA0GxGXlDcaQgRldNCo%2bn4am4vixJceNr%2fJhhz%2bPOPm%2bzx2dUvoP5JGNkD%2bysLpfhIFCTzjC0njexSQEZclywoKbqgLTVjs2989nxXdAyYnWrRpy8K916nraZGdxkAmHJuwLF7f1C6Wcp0O3VsHG64uXC4%2bl88cDTC%2bRH%2fWdNpb98kuvN8Q6hVFx9WcfbTH1Y0vQjb%2bL04oK%2fjz%2fE%2fUDqfjo8k5ninIBxCzjiN9wtw8tKh7hLiy7iNOieNnmiJ76CoXKzW3nnXRSXe7mPoyMcf6EOzeAVOwhytyQWnegwh36w7BmMiaOuNmTC6rMnJ1I8Mo1LCdXwSLTqDoDtDjtQ0VDJIlFDTzWy93JqFACLlNA%3d,,,,,,,,
null,,,null,,,0x0800,,,45.32.147.89,,,192.168.1.120,,,6,,,80,,,57972,,,eEVCaWtpeDBLd0pkb2lpdXdETXhURzZ3Y1NFaGFrcExMcldDcmVkSmhsRG83WkhXZkdMamhwTkZaYjBNZ1ZvVzpkNjA4NDUyNTNjMDUwODk4YmNjNjZhZTBiNzFjYmNiNA==,,,GET,,,8937406324.airable.io,,,HTTP/1.1,,, /id/airable/radio/2425322651863098,,,Basic,,,,,
null,,,null,,,0x0800,,,45.32.147.89,,,192.168.1.120,,,6,,,80,,,57971,,,,,,GET,,,8937406324.airable.io,,,HTTP/1.1,,, /authentication?device=18B79E022044&name=KTP1&version=triby-10.48.1&locale=en-AU&salt=esyr797p&signature=c02bd1b9ffd31a6f77c2888b0d76abcb,,,,,,,,
null,,,null,,,0x0800,,,45.32.147.89,,,192.168.1.120,,,6,,,80,,,57974,,,eEVCaWtpeDBLd0pkb2lpdXdETXhURzZ3Y1NFaGFrcExMcldDcmVkSmhsRG83WkhXZkdMamhwTkZaYjBNZ1ZvVzpjODUwOTU3M2E2MzQzNWJmOTU2MDMyNTFhZTM4OWNhNQ==,,,GET,,,8937406324.airable.io,,,HTTP/1.1,,, /id/airable/radio/4968063390348107,,,Basic,,,,,
null,,,null,,,0x0800,,,45.32.147.89,,,192.168.1.120,,,6,,,80,,,57973,,,eEVCaWtpeDBLd0pkb2lpdXdETXhURzZ3Y1NFaGFrcExMcldDcmVkSmhsRG83WkhXZkdMamhwTkZaYjBNZ1ZvVzoxN2ViODU2MjhlYWQzMjc0MjQ1NzI4MGMwZTAzMTljYg==,,,GET,,,8937406324.airable.io,,,HTTP/1.1,,, /airable/play/radio/2425322651863098/9434510451741518,,,Basic,,,,,
null,,,null,,,0x0800,,,45.32.147.89,,,192.168.1.120,,,6,,,80,,,57976,,,eEVCaWtpeDBLd0pkb2lpdXdETXhURzZ3Y1NFaGFrcExMcldDcmVkSmhsRG83WkhXZkdMamhwTkZaYjBNZ1ZvVzo5YTlkNTAyNzM4MDM1MjZkYzgxYjhjZjJhNjY2MjdhOQ==,,,GET,,,8937406324.airable.io,,,HTTP/1.1,,, /airable/play/radio/4968063390348107/8463181381113828,,,Basic,,,,,
null,,,null,,,0x0800,,,192.168.1.120,,,91.121.58.223,,,6,,,38607,,,80,,,,,,GET,,,developer.invoxia.com,,,HTTP/1.1,,, /update/triby/update.pup?mac=18:B7:9E:02:20:44&machine=triby&board_name=TRIBY_V0&revision=5&sub_revision=4271&version=triby-11.1.4&version_build=64.5a.14&up=259258&hwcap=1:0&feature_tag=&board_flags=c:1,ci:0,vl:0,cv:0,p:1,,,,,,,,
null,,,null,,,0x0800,,,91.121.58.223,,,192.168.1.120,,,6,,,80,,,55982,,,,,,GET,,,developer.invoxia.com,,,HTTP/1.1,,, /update/triby/update.pup?mac=18:B7:9E:02:20:44&machine=triby&board_name=TRIBY_V0&revision=5&sub_revision=4271&version=triby-10.48.1&version_build=52.3a.e0&up=37&hwcap=1:0&feature_tag=&board_flags=c:1,ci:0,vl:0,cv:0,p:1,,,,,,,,
null,,,null,,,0x0800,,,91.121.58.223,,,192.168.1.120,,,6,,,80,,,41326,,,,,,GET,,,developer.invoxia.com,,,HTTP/1.1,,, /update/triby/update.pup?mac=18:B7:9E:02:20:44&machine=triby&board_name=TRIBY_V0&revision=5&sub_revision=4271&version=triby-11.1.4&version_build=64.5a.14&up=36&hwcap=1:0&feature_tag=&board_flags=c:1,ci:0,vl:0,cv:0,p:1,,,,,,,,
null,,,null,,,0x0800,,,45.32.147.89,,,192.168.1.120,,,6,,,80,,,43371,,,bVVhQUhhY01tVGRCREdMVFI3dnJVcnNBM2twUGpBUm5RNGJKVjBteW9kTmhiWFd0UXV1NndWTWd6Z1E1OThqYzo4MTAzMmQ2ZGJmNDAyMDA0YmIyOTFjMTk5NTdhOTE4OA==,,,GET,,,8937406324.airable.io,,,HTTP/1.1,,, /id/airable/radio/4968063390348107,,,Basic,,,,,
null,,,null,,,0x0800,,,45.32.147.89,,,192.168.1.120,,,6,,,80,,,43370,,,,,,GET,,,8937406324.airable.io,,,HTTP/1.1,,, /authentication?device=18B79E022044&name=KTP1&version=triby-10.48.1&locale=en-AU&salt=m1l6t463&signature=9a29e39985c21d9e7848f4297fb1e6df,,,,,,,,
null,,,null,,,0x0800,,,45.32.147.89,,,192.168.1.120,,,6,,,80,,,43372,,,bVVhQUhhY01tVGRCREdMVFI3dnJVcnNBM2twUGpBUm5RNGJKVjBteW9kTmhiWFd0UXV1NndWTWd6Z1E1OThqYzpmMmIyM2U2NGE2ZDllYmJlZWE5Y2NjZTc3MzAyM2E4ZA==,,,GET,,,8937406324.airable.io,,,HTTP/1.1,,, /airable/play/radio/4968063390348107/8463181381113828,,,Basic,,,,,
null,,,null,,,0x0800,,,192.168.1.120,,,203.5.76.10,,,6,,,51297,,,80,,,,,,GET,,,whatismyip.akamai.com,,,HTTP/1.1,,, /,,,,,,curl/7.50.1-DEV,,
null,,,null,,,0x0800,,,203.5.76.10,,,192.168.1.120,,,6,,,80,,,54982,,,,,,GET,,,whatismyip.akamai.com,,,HTTP/1.1,,, /,,,,,,curl/7.49.0-DEV,,
null,,,null,,,0x0800,,,192.168.1.120,,,91.121.58.223,,,6,,,32777,,,80,,,,,,GET,,,developer.invoxia.com,,,HTTP/1.1,,, /update/triby/update.pup?mac=18:B7:9E:02:20:44&machine=triby&board_name=TRIBY_V0&revision=5&sub_revision=4271&version=triby-10.48.1&version_build=52.3a.e0&up=1057811&hwcap=1:0&feature_tag=&board_flags=c:1,ci:0,vl:0,cv:0,p:1,,,,,,,,
null,,,null,,,0x0800,,,192.168.1.120,,,203.5.76.10,,,6,,,59652,,,80,,,,,,GET,,,whatismyip.akamai.com,,,HTTP/1.1,,, /,,,,,,curl/7.49.0-DEV,,
null,,,null,,,0x0800,,,192.168.1.120,,,91.121.58.223,,,6,,,32774,,,80,,,,,,GET,,,developer.invoxia.com,,,HTTP/1.1,,, /update/triby/update.pup?mac=18:B7:9E:02:20:44&machine=triby&board_name=TRIBY_V0&revision=5&sub_revision=4271&version=triby-10.48.1&version_build=52.3a.e0&up=971410&hwcap=1:0&feature_tag=&board_flags=c:1,ci:0,vl:0,cv:0,p:1,,,,,,,,
null,,,null,,,0x0800,,,91.121.58.223,,,192.168.1.120,,,6,,,80,,,39127,,,,,,GET,,,developer.invoxia.com,,,HTTP/1.1,,, /update/triby/update.pup?mac=18:B7:9E:02:20:44&machine=triby&board_name=TRIBY_V0&revision=5&sub_revision=4271&version=triby-10.48.1&version_build=52.3a.e0&up=39&hwcap=1:0&feature_tag=&board_flags=c:1,ci:0,vl:0,cv:0,p:1,,,,,,,,
null,,,null,,,0x0800,,,91.121.58.223,,,192.168.1.120,,,6,,,80,,,39138,,,,,,GET,,,developer.invoxia.com,,,HTTP/1.1,,, /update/triby/update.pup?mac=18:B7:9E:02:20:44&machine=triby&board_name=TRIBY_V0&revision=5&sub_revision=4271&version=triby-10.48.1&version_build=52.3a.e0&up=86445&hwcap=1:0&feature_tag=&board_flags=c:1,ci:0,vl:0,cv:0,p:1,,,,,,,,
null,,,null,,,0x0800,,,192.168.1.120,,,91.121.58.223,,,6,,,38871,,,80,,,,,,GET,,,developer.invoxia.com,,,HTTP/1.1,,, /update/triby/update.pup?mac=18:B7:9E:02:20:44&machine=triby&board_name=TRIBY_V0&revision=5&sub_revision=4271&version=triby-11.1.4&version_build=64.5a.14&up=432070&hwcap=1:0&feature_tag=&board_flags=c:1,ci:0,vl:0,cv:0,p:1,,,,,,,,
null,,,null,,,0x0800,,,192.168.1.120,,,91.121.58.223,,,6,,,54590,,,80,,,,,,GET,,,developer.invoxia.com,,,HTTP/1.1,,, /update/triby/update.pup?mac=18:B7:9E:02:20:44&machine=triby&board_name=TRIBY_V0&revision=5&sub_revision=4271&version=triby-10.48.1&version_build=52.3a.e0&up=38&hwcap=1:0&feature_tag=&board_flags=c:1,ci:0,vl:0,cv:0,p:1,,,,,,,,
null,,,null,,,0x0800,,,192.168.1.120,,,91.121.58.223,,,6,,,38134,,,80,,,,,,GET,,,developer.invoxia.com,,,HTTP/1.1,,, /update/triby/update.pup?mac=18:B7:9E:02:20:44&machine=triby&board_name=TRIBY_V0&revision=5&sub_revision=4271&version=triby-11.1.4&version_build=64.5a.14&up=40&hwcap=1:0&feature_tag=&board_flags=c:1,ci:0,vl:0,cv:0,p:1,,,,,,,,
null,,,null,,,0x0800,,,192.168.1.239,,,192.168.1.120,,,6,,,56680,,,80,,,,,,GET,,,192.168.1.120,,,HTTP/1.1,,, /api/config,,,,,,Dalvik/2.1.0 (Linux; U; Android 6.0.1; SM-T810 Build/MMB29K),,
null,,,null,,,0x0800,,,192.168.1.120,,,91.121.58.223,,,6,,,55666,,,80,,,,,,GET,,,developer.invoxia.com,,,HTTP/1.1,,, /update/triby/update.pup?mac=18:B7:9E:02:20:44&machine=triby&board_name=TRIBY_V0&revision=5&sub_revision=4271&version=triby-11.1.4&version_build=64.5a.14&up=86444&hwcap=1:0&feature_tag=&board_flags=c:1,ci:0,vl:0,cv:0,p:1,,,,,,,,
null,,,null,,,0x0800,,,192.168.1.120,,,91.121.58.223,,,6,,,32785,,,80,,,,,,GET,,,developer.invoxia.com,,,HTTP/1.1,,, /update/triby/update.pup?mac=18:B7:9E:02:20:44&machine=triby&board_name=TRIBY_V0&revision=5&sub_revision=4271&version=triby-10.48.1&version_build=52.3a.e0&up=1144215&hwcap=1:0&feature_tag=&board_flags=c:1,ci:0,vl:0,cv:0,p:1,,,,,,,,
null,,,null,,,0x0800,,,192.168.1.120,,,91.121.58.223,,,6,,,32787,,,80,,,,,,GET,,,developer.invoxia.com,,,HTTP/1.1,,, /update/triby/update.pup?mac=18:B7:9E:02:20:44&machine=triby&board_name=TRIBY_V0&revision=5&sub_revision=4271&version=triby-10.48.1&version_build=52.3a.e0&up=1230618&hwcap=1:0&feature_tag=&board_flags=c:1,ci:0,vl:0,cv:0,p:1,,,,,,,,
null,,,null,,,0x0800,,,192.168.1.120,,,144.76.157.132,,,6,,,41058,,,80,,,,,,GET,,,1129153316.airable.io,,,HTTP/1.1,,, /1.3/play/2425322651863098,,,,,,,,
null,,,null,,,0x0800,,,192.168.1.120,,,52.62.218.228,,,6,,,42828,,,80,,,,,,GET,,,icecast.icecast.sbs.com.au,,,HTTP/1.1,,, /SBSRadioOne,,,,,,Lavf/57.2.100,,
null,,,null,,,0x0800,,,192.168.1.120,,,144.76.157.132,,,6,,,41059,,,80,,,,,,GET,,,1129153316.airable.io,,,HTTP/1.1,,, /1.3/play/4968063390348107,,,,,,,,
null,,,null,,,0x0800,,,91.121.58.223,,,192.168.1.120,,,6,,,80,,,56197,,,,,,GET,,,developer.invoxia.com,,,HTTP/1.1,,, /update/triby/update.pup?mac=18:B7:9E:02:20:44&machine=triby&board_name=TRIBY_V0&revision=5&sub_revision=4271&version=triby-11.1.6&version_build=75.a6.b7&up=86449&hwcap=1:0&feature_tag=&board_flags=c:1,ci:0,vl:0,cv:0,p:1,,,,,,,,
null,,,null,,,0x0800,,,91.121.58.223,,,192.168.1.120,,,6,,,80,,,56151,,,,,,GET,,,developer.invoxia.com,,,HTTP/1.1,,, /update/triby/update.pup?mac=18:B7:9E:02:20:44&machine=triby&board_name=TRIBY_V0&revision=5&sub_revision=4271&version=triby-10.48.1&version_build=52.3a.e0&up=1325422&hwcap=1:0&feature_tag=&board_flags=c:1,ci:0,vl:0,cv:0,p:1,,,,,,,,
null,,,null,,,0x0800,,,192.168.1.120,,,192.168.1.239,,,6,,,80,,,52745,,,,,,GET,,,192.168.1.120,,,HTTP/1.1,,, /api/config,,,,,,Dalvik/2.1.0 (Linux; U; Android 6.0.1; SM-T810 Build/MMB29K),,
null,,,null,,,0x0800,,,91.121.58.223,,,192.168.1.120,,,6,,,80,,,56139,,,,,,GET,,,developer.invoxia.com,,,HTTP/1.1,,, /update/triby/update.pup?mac=18:B7:9E:02:20:44&machine=triby&board_name=TRIBY_V0&revision=5&sub_revision=4271&version=triby-11.1.6&version_build=75.a6.b7&up=44&hwcap=1:0&feature_tag=&board_flags=c:1,ci:0,vl:0,cv:0,p:1,,,,,,,,
null,,,null,,,0x0800,,,91.121.58.223,,,192.168.1.120,,,6,,,80,,,56121,,,,,,GET,,,developer.invoxia.com,,,HTTP/1.1,,, /update/triby/update.pup?mac=18:B7:9E:02:20:44&machine=triby&board_name=TRIBY_V0&revision=5&sub_revision=4271&version=triby-11.1.4&version_build=64.5a.14&up=484192&hwcap=1:0&feature_tag=&board_flags=c:1,ci:0,vl:0,cv:0,p:1,,,,,,,,
null,,,null,,,0x0800,,,91.121.58.223,,,192.168.1.120,,,6,,,80,,,56307,,,,,,GET,,,developer.invoxia.com,,,HTTP/1.1,,, /update/triby/update.pup?mac=18:B7:9E:02:20:44&machine=triby&board_name=TRIBY_V0&revision=5&sub_revision=4271&version=triby-11.1.4&version_build=64.5a.14&up=656997&hwcap=1:0&feature_tag=&board_flags=c:1,ci:0,vl:0,cv:0,p:1,,,,,,,,
null,,,null,,,0x0800,,,192.168.1.239,,,192.168.1.120,,,6,,,55465,,,80,,,,,,GET,,,192.168.1.120,,,HTTP/1.1,,, /api/config,,,,,,Dalvik/2.1.0 (Linux; U; Android 6.0.1; SM-T810 Build/MMB29K),,
null,,,null,,,0x0800,,,194.68.30.86,,,192.168.1.120,,,6,,,80,,,43800,,,,,,GET,,,esdk-ffl.spotify.com,,,HTTP/1.0,,, /esdk-fire-and-forget/?key_id=1&value=ieA95L1aR0JyidI%2fzmqyr9JVsgYa3dXgBEYgZlJpfqOuxp8BCL7tEySTs%2fYafYqYmjmfiNMA1U5jBz3Ai6oYyENfYnrRjtLmINtqoB4OXr%2bjF37RCHopNmgoFeqzqIyMzEoxXxuEeMyMXnDo91Quv0wpWJ3X1tZsLSjSRWJ4601yuBDAU81RBhbDDvclkZKEq91iEkG9X%2by7aHv7DqEwcbL2nbM3R8X5LeX3psUioQbWxbJOqrMuDYj8Ty8sBbM3HQUJpvjAAgwWZiB2fgy7F03GC4Qif0OK9lIluNesvgz%2bb5Qqb%2fSHRdDzDHAtSZCLPzvvmU9XbwvIMZwOXYDGyVY%2bVj8%3d,,,,,,,,
null,,,null,,,0x0800,,,192.168.1.120,,,91.121.58.223,,,6,,,44658,,,80,,,,,,GET,,,developer.invoxia.com,,,HTTP/1.1,,, /update/triby/update.pup?mac=18:B7:9E:02:20:44&machine=triby&board_name=TRIBY_V0&revision=5&sub_revision=4271&version=triby-10.48.1&version_build=52.3a.e0&up=39&hwcap=1:0&feature_tag=&board_flags=c:1,ci:0,vl:0,cv:0,p:1,,,,,,,,
null,,,null,,,0x0800,,,192.168.1.120,,,203.5.76.25,,,6,,,58975,,,80,,,,,,GET,,,whatismyip.akamai.com,,,HTTP/1.1,,, /,,,,,,curl/7.50.1-DEV,,
null,,,null,,,0x0800,,,192.168.1.120,,,203.5.76.25,,,6,,,53592,,,80,,,,,,GET,,,whatismyip.akamai.com,,,HTTP/1.1,,, /,,,,,,curl/7.49.0-DEV,,
null,,,null,,,0x0800,,,91.121.58.223,,,192.168.1.120,,,6,,,80,,,56293,,,,,,GET,,,developer.invoxia.com,,,HTTP/1.1,,, /update/triby/update.pup?mac=18:B7:9E:02:20:44&machine=triby&board_name=TRIBY_V0&revision=5&sub_revision=4271&version=triby-11.12.1&version_build=76.f5.39&up=48&hwcap=1:0&feature_tag=&board_flags=c:1,ci:0,vl:0,cv:0,p:1,,,,,,,,
null,,,null,,,0x0800,,,91.121.58.223,,,192.168.1.120,,,6,,,80,,,56214,,,,,,GET,,,developer.invoxia.com,,,HTTP/1.1,,, /update/triby/update.pup?mac=18:B7:9E:02:20:44&machine=triby&board_name=TRIBY_V0&revision=5&sub_revision=4271&version=triby-11.1.4&version_build=64.5a.14&up=570593&hwcap=1:0&feature_tag=&board_flags=c:1,ci:0,vl:0,cv:0,p:1,,,,,,,,
null,,,null,,,0x0800,,,192.168.1.120,,,45.32.147.89,,,6,,,33168,,,80,,,WlloSHB1MXNIYzRhcnlvS1V5SlBuelppbjZIV0FlellrOG44eGdkNXg5QldoU2RDRk9kSHhCdndvRHFDM2lDdjo5NTY3M2NiMWRlNjYwMjE0Yzc0OGQ4N2YxZmRhOTViZg==,,,GET,,,8937406324.airable.io,,,HTTP/1.1,,, /airable/play/radio/2425322651863098/9434510451741518,,,Basic,,,,,
null,,,null,,,0x0800,,,91.121.58.223,,,192.168.1.120,,,6,,,80,,,60942,,,,,,GET,,,developer.invoxia.com,,,HTTP/1.1,,, /update/triby/update.pup?mac=18:B7:9E:02:20:44&machine=triby&board_name=TRIBY_V0&revision=5&sub_revision=4271&version=triby-11.1.4&version_build=64.5a.14&up=86443&hwcap=1:0&feature_tag=&board_flags=c:1,ci:0,vl:0,cv:0,p:1,,,,,,,,
null,,,null,,,0x0800,,,192.168.1.120,,,45.32.147.89,,,6,,,33167,,,80,,,WlloSHB1MXNIYzRhcnlvS1V5SlBuelppbjZIV0FlellrOG44eGdkNXg5QldoU2RDRk9kSHhCdndvRHFDM2lDdjo0MzFlODYyZGE4MmYxNzg5NGJjMDNlMzA1ZTRmNDVkNQ==,,,GET,,,8937406324.airable.io,,,HTTP/1.1,,, /id/airable/radio/2425322651863098,,,Basic,,,,,
null,,,null,,,0x0800,,,45.32.147.89,,,192.168.1.120,,,6,,,80,,,49066,,,bVVhQUhhY01tVGRCREdMVFI3dnJVcnNBM2twUGpBUm5RNGJKVjBteW9kTmhiWFd0UXV1NndWTWd6Z1E1OThqYzoxMGQ1MzQ1NzViNjgxOTJjMmNkYmZhNTk0MjBkZjU1Ng==,,,GET,,,8937406324.airable.io,,,HTTP/1.1,,, /airable/play/radio/4968063390348107/8463181381113828,,,Basic,,,,,
null,,,null,,,0x0800,,,45.32.147.89,,,192.168.1.120,,,6,,,80,,,49063,,,,,,GET,,,8937406324.airable.io,,,HTTP/1.1,,, /authentication?device=18B79E022044&name=KTP1&version=triby-10.48.1&locale=en-AU&salt=y6bm22t7&signature=a257b76c2083a5a34dc6d4be32f2ac80,,,,,,,,
null,,,null,,,0x0800,,,45.32.147.89,,,192.168.1.120,,,6,,,80,,,49064,,,bVVhQUhhY01tVGRCREdMVFI3dnJVcnNBM2twUGpBUm5RNGJKVjBteW9kTmhiWFd0UXV1NndWTWd6Z1E1OThqYzozY2QwYzdhMzM5MGZkMDU5NzYxNWRiMTBjY2VhNDJmMg==,,,GET,,,8937406324.airable.io,,,HTTP/1.1,,, /id/airable/radio/4968063390348107,,,Basic,,,,,
null,,,null,,,0x0800,,,192.168.1.120,,,45.32.147.89,,,6,,,33165,,,80,,,,,,GET,,,8937406324.airable.io,,,HTTP/1.1,,, /authentication?device=18B79E022044&name=KTP1&version=triby-10.48.1&locale=en-AU&salt=pd36101a&signature=42d03130ce4bb054f4fd6edda3e9ff96,,,,,,,,
null,,,null,,,0x0800,,,91.121.58.223,,,192.168.1.120,,,6,,,80,,,60975,,,,,,GET,,,developer.invoxia.com,,,HTTP/1.1,,, /update/triby/update.pup?mac=18:B7:9E:02:20:44&machine=triby&board_name=TRIBY_V0&revision=5&sub_revision=4271&version=triby-10.48.1&version_build=52.3a.e0&up=40&hwcap=1:0&feature_tag=&board_flags=c:1,ci:0,vl:0,cv:0,p:1,,,,,,,,
null,,,null,,,0x0800,,,91.121.58.223,,,192.168.1.120,,,6,,,80,,,60984,,,,,,GET,,,developer.invoxia.com,,,HTTP/1.1,,, /update/triby/update.pup?mac=18:B7:9E:02:20:44&machine=triby&board_name=TRIBY_V0&revision=5&sub_revision=4271&version=triby-10.48.1&version_build=52.3a.e0&up=172844&hwcap=1:0&feature_tag=&board_flags=c:1,ci:0,vl:0,cv:0,p:1,,,,,,,,
null,,,null,,,0x0800,,,91.121.58.223,,,192.168.1.120,,,6,,,80,,,60982,,,,,,GET,,,developer.invoxia.com,,,HTTP/1.1,,, /update/triby/update.pup?mac=18:B7:9E:02:20:44&machine=triby&board_name=TRIBY_V0&revision=5&sub_revision=4271&version=triby-10.48.1&version_build=52.3a.e0&up=86441&hwcap=1:0&feature_tag=&board_flags=c:1,ci:0,vl:0,cv:0,p:1,,,,,,,,
null,,,null,,,0x0800,,,91.121.58.223,,,192.168.1.120,,,6,,,80,,,60988,,,,,,GET,,,developer.invoxia.com,,,HTTP/1.1,,, /update/triby/update.pup?mac=18:B7:9E:02:20:44&machine=triby&board_name=TRIBY_V0&revision=5&sub_revision=4271&version=triby-10.48.1&version_build=52.3a.e0&up=345656&hwcap=1:0&feature_tag=&board_flags=c:1,ci:0,vl:0,cv:0,p:1,,,,,,,,
null,,,null,,,0x0800,,,91.121.58.223,,,192.168.1.120,,,6,,,80,,,60986,,,,,,GET,,,developer.invoxia.com,,,HTTP/1.1,,, /update/triby/update.pup?mac=18:B7:9E:02:20:44&machine=triby&board_name=TRIBY_V0&revision=5&sub_revision=4271&version=triby-10.48.1&version_build=52.3a.e0&up=259250&hwcap=1:0&feature_tag=&board_flags=c:1,ci:0,vl:0,cv:0,p:1,,,,,,,,
null,,,null,,,0x0800,,,91.121.58.223,,,192.168.1.120,,,6,,,80,,,60990,,,,,,GET,,,developer.invoxia.com,,,HTTP/1.1,,, /update/triby/update.pup?mac=18:B7:9E:02:20:44&machine=triby&board_name=TRIBY_V0&revision=5&sub_revision=4271&version=triby-10.48.1&version_build=52.3a.e0&up=432062&hwcap=1:0&feature_tag=&board_flags=c:1,ci:0,vl:0,cv:0,p:1,,,,,,,,
null,,,null,,,0x0800,,,91.121.58.223,,,192.168.1.120,,,6,,,80,,,60994,,,,,,GET,,,developer.invoxia.com,,,HTTP/1.1,,, /update/triby/update.pup?mac=18:B7:9E:02:20:44&machine=triby&board_name=TRIBY_V0&revision=5&sub_revision=4271&version=triby-10.48.1&version_build=52.3a.e0&up=604873&hwcap=1:0&feature_tag=&board_flags=c:1,ci:0,vl:0,cv:0,p:1,,,,,,,,
null,,,null,,,0x0800,,,91.121.58.223,,,192.168.1.120,,,6,,,80,,,60998,,,,,,GET,,,developer.invoxia.com,,,HTTP/1.1,,, /update/triby/update.pup?mac=18:B7:9E:02:20:44&machine=triby&board_name=TRIBY_V0&revision=5&sub_revision=4271&version=triby-10.48.1&version_build=52.3a.e0&up=777684&hwcap=1:0&feature_tag=&board_flags=c:1,ci:0,vl:0,cv:0,p:1,,,,,,,,
null,,,null,,,0x0800,,,91.121.58.223,,,192.168.1.120,,,6,,,80,,,60996,,,,,,GET,,,developer.invoxia.com,,,HTTP/1.1,,, /update/triby/update.pup?mac=18:B7:9E:02:20:44&machine=triby&board_name=TRIBY_V0&revision=5&sub_revision=4271&version=triby-10.48.1&version_build=52.3a.e0&up=691279&hwcap=1:0&feature_tag=&board_flags=c:1,ci:0,vl:0,cv:0,p:1,,,,,,,,
null,,,null,,,0x0800,,,192.168.1.239,,,192.168.1.120,,,6,,,57727,,,80,,,,,,GET,,,192.168.1.120,,,HTTP/1.1,,, /api/config,,,,,,Dalvik/2.1.0 (Linux; U; Android 6.0.1; SM-T810 Build/MMB29K),,
null,,,null,,,0x0800,,,192.168.1.120,,,203.5.76.10,,,6,,,58056,,,80,,,,,,GET,,,whatismyip.akamai.com,,,HTTP/1.1,,, /,,,,,,curl/7.49.0-DEV,,
null,,,null,,,0x0800,,,192.168.1.120,,,203.5.76.10,,,6,,,44784,,,80,,,,,,GET,,,whatismyip.akamai.com,,,HTTP/1.1,,, /,,,,,,curl/7.49.0-DEV,,
null,,,null,,,0x0800,,,192.168.1.120,,,45.32.147.89,,,6,,,55917,,,80,,,djdTRU85NXA4YjdQQ1pMU05ENkIyNVk1V1V1RzlTS2pnZ1pFeDBieGEzbU4wcUZ6VEs5cmNVSFNTSmExSkpNdTpiMjQ1NjNkZGE1MTMzNjk3MzE0OGJjYjM3M2ZjM2MwMg==,,,GET,,,8937406324.airable.io,,,HTTP/1.1,,, /airable/play/radio/4968063390348107/8463181381113828,,,Basic,,,,,
null,,,null,,,0x0800,,,91.121.58.223,,,192.168.1.120,,,6,,,80,,,56060,,,,,,GET,,,developer.invoxia.com,,,HTTP/1.1,,, /update/triby/update.pup?mac=18:B7:9E:02:20:44&machine=triby&board_name=TRIBY_V0&revision=5&sub_revision=4271&version=triby-11.1.4&version_build=64.5a.14&up=397790&hwcap=1:0&feature_tag=&board_flags=c:1,ci:0,vl:0,cv:0,p:1,,,,,,,,
null,,,null,,,0x0800,,,91.121.58.223,,,192.168.1.120,,,6,,,80,,,56021,,,,,,GET,,,developer.invoxia.com,,,HTTP/1.1,,, /update/triby/update.pup?mac=18:B7:9E:02:20:44&machine=triby&board_name=TRIBY_V0&revision=5&sub_revision=4271&version=triby-10.48.1&version_build=52.3a.e0&up=1152618&hwcap=1:0&feature_tag=&board_flags=c:1,ci:0,vl:0,cv:0,p:1,,,,,,,,
null,,,null,,,0x0800,,,91.121.58.223,,,192.168.1.120,,,6,,,80,,,56023,,,,,,GET,,,developer.invoxia.com,,,HTTP/1.1,,, /update/triby/update.pup?mac=18:B7:9E:02:20:44&machine=triby&board_name=TRIBY_V0&revision=5&sub_revision=4271&version=triby-10.48.1&version_build=52.3a.e0&up=1239019&hwcap=1:0&feature_tag=&board_flags=c:1,ci:0,vl:0,cv:0,p:1,,,,,,,,
null,,,null,,,0x0800,,,91.121.58.223,,,192.168.1.120,,,6,,,80,,,56019,,,,,,GET,,,developer.invoxia.com,,,HTTP/1.1,,, /update/triby/update.pup?mac=18:B7:9E:02:20:44&machine=triby&board_name=TRIBY_V0&revision=5&sub_revision=4271&version=triby-10.48.1&version_build=52.3a.e0&up=1066215&hwcap=1:0&feature_tag=&board_flags=c:1,ci:0,vl:0,cv:0,p:1,,,,,,,,
null,,,null,,,0x0800,,,91.121.58.223,,,192.168.1.120,,,6,,,80,,,56017,,,,,,GET,,,developer.invoxia.com,,,HTTP/1.1,,, /update/triby/update.pup?mac=18:B7:9E:02:20:44&machine=triby&board_name=TRIBY_V0&revision=5&sub_revision=4271&version=triby-10.48.1&version_build=52.3a.e0&up=979813&hwcap=1:0&feature_tag=&board_flags=c:1,ci:0,vl:0,cv:0,p:1,,,,,,,,
null,,,null,,,0x0800,,,91.121.58.223,,,192.168.1.120,,,6,,,80,,,56007,,,,,,GET,,,developer.invoxia.com,,,HTTP/1.1,,, /update/triby/update.pup?mac=18:B7:9E:02:20:44&machine=triby&board_name=TRIBY_V0&revision=5&sub_revision=4271&version=triby-10.48.1&version_build=52.3a.e0&up=864105&hwcap=1:0&feature_tag=&board_flags=c:1,ci:0,vl:0,cv:0,p:1,,,,,,,,
null,,,null,,,0x0800,,,91.121.58.223,,,192.168.1.120,,,6,,,80,,,56005,,,,,,GET,,,developer.invoxia.com,,,HTTP/1.1,,, /update/triby/update.pup?mac=18:B7:9E:02:20:44&machine=triby&board_name=TRIBY_V0&revision=5&sub_revision=4271&version=triby-10.48.1&version_build=52.3a.e0&up=777698&hwcap=1:0&feature_tag=&board_flags=c:1,ci:0,vl:0,cv:0,p:1,,,,,,,,
null,,,null,,,0x0800,,,91.121.58.223,,,192.168.1.120,,,6,,,80,,,56003,,,,,,GET,,,developer.invoxia.com,,,HTTP/1.1,,, /update/triby/update.pup?mac=18:B7:9E:02:20:44&machine=triby&board_name=TRIBY_V0&revision=5&sub_revision=4271&version=triby-10.48.1&version_build=52.3a.e0&up=691291&hwcap=1:0&feature_tag=&board_flags=c:1,ci:0,vl:0,cv:0,p:1,,,,,,,,
null,,,null,,,0x0800,,,91.121.58.223,,,192.168.1.120,,,6,,,80,,,56001,,,,,,GET,,,developer.invoxia.com,,,HTTP/1.1,,, /update/triby/update.pup?mac=18:B7:9E:02:20:44&machine=triby&board_name=TRIBY_V0&revision=5&sub_revision=4271&version=triby-10.48.1&version_build=52.3a.e0&up=604883&hwcap=1:0&feature_tag=&board_flags=c:1,ci:0,vl:0,cv:0,p:1,,,,,,,,
null,,,null,,,0x0800,,,203.5.76.10,,,192.168.1.120,,,6,,,80,,,35279,,,,,,GET,,,whatismyip.akamai.com,,,HTTP/1.1,,, /,,,,,,curl/7.50.1-DEV,,
null,,,null,,,0x0800,,,192.168.1.120,,,194.68.30.66,,,6,,,54007,,,80,,,,,,GET,,,esdk-ffl.spotify.com,,,HTTP/1.0,,, /esdk-fire-and-forget/?key_id=1&value=lL3lcOsYmkTIwvFS2vaUuXBOeZzZ5i8apM6NS0pU95l0S%2brHQPHoELs%2fI%2fgsV80VhaFRBXPZNUabZ8kmwYFm9CDR2THwR5eghfG8Rfsn23UglIb2RbnpGf7Xof6efv%2foPyvqeEoJ4JzupjdcrJFLBaMcNz6Q100um%2bPn5hxXYmySnd%2bsmy7mwwDscfdEvAtY%2btAB3F7HK58zJZpW88VjNMuzD2sm6B1DfxRgBb4X8iDxdQr3xNcA9l%2fQ10B%2fr5MpZCzPSMra7%2bxQhhq2izgbnNfKeibUi1XcD5vcAexRKh71DmPsuImC%2fDTnOgWqyT2PxwS281HrxySOci5Idtdg6Sy2zhw%3d,,,,,,,,
null,,,null,,,0x0800,,,91.121.58.223,,,192.168.1.120,,,6,,,80,,,56665,,,,,,GET,,,developer.invoxia.com,,,HTTP/1.1,,, /update/triby/update.pup?mac=18:B7:9E:02:20:44&machine=triby&board_name=TRIBY_V0&revision=5&sub_revision=4271&version=triby-11.12.1&version_build=76.f5.39&up=595634&hwcap=1:0&feature_tag=&board_flags=c:1,ci:0,vl:0,cv:0,p:1,,,,,,,,
null,,,null,,,0x0800,,,192.168.1.120,,,91.121.58.223,,,6,,,55210,,,80,,,,,,GET,,,developer.invoxia.com,,,HTTP/1.1,,, /update/triby/update.pup?mac=18:B7:9E:02:20:44&machine=triby&board_name=TRIBY_V0&revision=5&sub_revision=4271&version=triby-10.48.1&version_build=52.3a.e0&up=1123294&hwcap=1:0&feature_tag=&board_flags=c:1,ci:0,vl:0,cv:0,p:1,,,,,,,,
null,,,null,,,0x0800,,,192.168.1.120,,,45.32.147.89,,,6,,,55912,,,80,,,,,,GET,,,8937406324.airable.io,,,HTTP/1.1,,, /authentication?device=18B79E022044&name=KTP1&version=triby-10.48.1&locale=en-AU&salt=i92rqd54&signature=1ee5b66c711613901fe0d7bffc4ebbe9,,,,,,,,
null,,,null,,,0x0800,,,192.168.1.120,,,45.32.147.89,,,6,,,55913,,,80,,,djdTRU85NXA4YjdQQ1pMU05ENkIyNVk1V1V1RzlTS2pnZ1pFeDBieGEzbU4wcUZ6VEs5cmNVSFNTSmExSkpNdTphNWVmMjJhMDI1MWE0MTI5YTA5YTM4OGNlM2U4ZjZjZA==,,,GET,,,8937406324.airable.io,,,HTTP/1.1,,, /id/airable/radio/2425322651863098,,,Basic,,,,,
null,,,null,,,0x0800,,,192.168.1.120,,,45.32.147.89,,,6,,,55914,,,80,,,djdTRU85NXA4YjdQQ1pMU05ENkIyNVk1V1V1RzlTS2pnZ1pFeDBieGEzbU4wcUZ6VEs5cmNVSFNTSmExSkpNdTo4OTBjMmJkNTlkM2I0YWRlN2NjZWMxNjAyNDBjNmQ2MQ==,,,GET,,,8937406324.airable.io,,,HTTP/1.1,,, /airable/play/radio/2425322651863098/9434510451741518,,,Basic,,,,,
null,,,null,,,0x0800,,,192.168.1.120,,,45.32.147.89,,,6,,,55915,,,80,,,djdTRU85NXA4YjdQQ1pMU05ENkIyNVk1V1V1RzlTS2pnZ1pFeDBieGEzbU4wcUZ6VEs5cmNVSFNTSmExSkpNdTo5YTI3YWQ4OWExMWE2ODA4NmRkZTJkODhiMzU3Yjc3NA==,,,GET,,,8937406324.airable.io,,,HTTP/1.1,,, /id/airable/radio/4968063390348107,,,Basic,,,,,
null,,,null,,,0x0800,,,192.168.1.120,,,194.68.30.83,,,6,,,44094,,,80,,,,,,GET,,,esdk-ffl.spotify.com,,,HTTP/1.0,,, /esdk-fire-and-forget/?key_id=1&value=TnOKhn3cnNpbqNQ1TjjOPRFBk0YrjkTRsXNLjKlE6xVKufJMkR70X5I3%2f2Jpa5QOO0JmgxhyRaf8pOYg5aaewCIvk8Sw9LlpGhUsAnXJ2U4Sgzl9Ky7wWHEw62WUda%2bofG%2b22vAFL0cATeNjHk537ZKFSAWtHAT9AR460eMR8uCv0hUAbU%2bFWt9FYmY3aHLtqN4yqVMaqgXtTEl6PB0FRDXQSFqUPtatsJPFC5v9H6NyDFY7Uoa%2b3jdvtwUAWESnoA%2fT%2bVqArGXIl3Y9vrWRxxxpUm2Oj54di1vjslO%2fox9WTNE5h7FXUgjdWP33IKdRthsgRZwXGpCsK2OYPoDOWPNvRHU%3d,,,,,,,,
null,,,null,,,0x0800,,,104.199.240.211,,,192.168.1.120,,,6,,,80,,,42733,,,,,,GET,,,esdk-ffl.spotify.com,,,HTTP/1.0,,, /esdk-fire-and-forget/?key_id=1&value=jYwU%2f7TwtDinWFFlyDunCLveM6wmrOhqI9RCxSSbI7PmZf7B9369kiz1j8O1DJEi3cV%2f4oDmjTob0SFjDD7rXc3xlLzr0YuX0ORHuvBEBdo05fUp4nApwevl2j4unrCmHUEg3pJQjX%2fpHrPOGdrdn9dB8UQrw97qCZAqkMmwCWDWRfB1EX3QpaRlKAh0KtGqOFrUi6Z7AT8BMFoyeRSRNri4Wdwq5a6D6n%2b6YGXhoLDly6I8ZMMXo5crsxq546EU%2f7CTO4rKzm1af3gAdiezzF5Wp3kdkCaUIRk92VIKa6qqDuyfDoPo12pb96RVu2TY%2f7RRXkvCJ8EE0TJbXhIcXdY5ELQBaFcvjGmIxd%2bp%2bQaH%2fjV2Qm%2fV4qOBbajNWr0fwvtkiLHfecNerOyzWBhbd%2bUMx1YSK3je0Cs%3d,,,,,,,,
null,,,null,,,0x0800,,,194.68.30.147,,,192.168.1.120,,,6,,,80,,,55906,,,,,,GET,,,esdk-ffl.spotify.com,,,HTTP/1.0,,, /esdk-fire-and-forget/?key_id=1&value=jU1tButaBFjCWI2kVGwePxW8uFNi0gJzEcJfpSZ4Mb3E59R9%2bdzsV%2bhHIssNHwkTvbRiPegzyGCZ1SwnlzjCPpFxgz9oW0y8ATgOj%2bCE3iZh%2fCkQjiXlJqLvsozyrG8Zj%2b5sauQBzWn9090114IGeklOr9SEB4syMCiPdlO%2f4NxshsT%2bQ3SxY6TAcML8Zz4Zx%2bRmqgXru0fDbEziTdq1DTLrgJRAdMcFkMA2dnNvOcs5nfT16izcYOsUCYC3NH%2bJZjpOpLXNUS6w%2bos34F%2ffRWwJJ6aFiO61InfTsOAdcKWop8FKPfOQnNVFVgqH2qTglsMGLnT31PKKqRUqM5ri80nSqvlfRch%2fp7IZ1abroHOhP%2b%2fMv9urZY5rVlnIA4MgoSca4Db7oGwbYfy0QUmw0r7UdNkbTDs%2bi%2b8%3d,,,,,,,,
null,,,null,,,0x0800,,,91.121.58.223,,,192.168.1.120,,,6,,,80,,,56429,,,,,,GET,,,developer.invoxia.com,,,HTTP/1.1,,, /update/triby/update.pup?mac=18:B7:9E:02:20:44&machine=triby&board_name=TRIBY_V0&revision=5&sub_revision=4271&version=triby-11.1.4&version_build=64.5a.14&up=743400&hwcap=1:0&feature_tag=&board_flags=c:1,ci:0,vl:0,cv:0,p:1,,,,,,,,
null,,,null,,,0x0800,,,91.121.58.223,,,192.168.1.120,,,6,,,80,,,56427,,,,,,GET,,,developer.invoxia.com,,,HTTP/1.1,,, /update/triby/update.pup?mac=18:B7:9E:02:20:44&machine=triby&board_name=TRIBY_V0&revision=5&sub_revision=4271&version=triby-11.1.4&version_build=64.5a.14&up=743400&hwcap=1:0&feature_tag=&board_flags=c:1,ci:0,vl:0,cv:0,p:1,,,,,,,,
null,,,null,,,0x0800,,,91.121.58.223,,,192.168.1.120,,,6,,,80,,,56428,,,,,,GET,,,developer.invoxia.com,,,HTTP/1.1,,, /update/triby/update.pup?mac=18:B7:9E:02:20:44&machine=triby&board_name=TRIBY_V0&revision=5&sub_revision=4271&version=triby-11.1.4&version_build=64.5a.14&up=743400&hwcap=1:0&feature_tag=&board_flags=c:1,ci:0,vl:0,cv:0,p:1,,,,,,,,
null,,,null,,,0x0800,,,91.121.58.223,,,192.168.1.120,,,6,,,80,,,56425,,,,,,GET,,,developer.invoxia.com,,,HTTP/1.1,,, /update/triby/update.pup?mac=18:B7:9E:02:20:44&machine=triby&board_name=TRIBY_V0&revision=5&sub_revision=4271&version=triby-11.1.4&version_build=64.5a.14&up=743400&hwcap=1:0&feature_tag=&board_flags=c:1,ci:0,vl:0,cv:0,p:1,,,,,,,,
null,,,null,,,0x0800,,,91.121.58.223,,,192.168.1.120,,,6,,,80,,,56426,,,,,,GET,,,developer.invoxia.com,,,HTTP/1.1,,, /update/triby/update.pup?mac=18:B7:9E:02:20:44&machine=triby&board_name=TRIBY_V0&revision=5&sub_revision=4271&version=triby-11.1.4&version_build=64.5a.14&up=743400&hwcap=1:0&feature_tag=&board_flags=c:1,ci:0,vl:0,cv:0,p:1,,,,,,,,
null,,,null,,,0x0800,,,91.121.58.223,,,192.168.1.120,,,6,,,80,,,56423,,,,,,GET,,,developer.invoxia.com,,,HTTP/1.1,,, /update/triby/update.pup?mac=18:B7:9E:02:20:44&machine=triby&board_name=TRIBY_V0&revision=5&sub_revision=4271&version=triby-11.1.4&version_build=64.5a.14&up=743400&hwcap=1:0&feature_tag=&board_flags=c:1,ci:0,vl:0,cv:0,p:1,,,,,,,,
null,,,null,,,0x0800,,,192.168.1.120,,,91.121.58.223,,,6,,,41818,,,80,,,,,,GET,,,developer.invoxia.com,,,HTTP/1.1,,, /update/triby/update.pup?mac=18:B7:9E:02:20:44&machine=triby&board_name=TRIBY_V0&revision=5&sub_revision=4271&version=triby-11.1.4&version_build=64.5a.14&up=259256&hwcap=1:0&feature_tag=&board_flags=c:1,ci:0,vl:0,cv:0,p:1,,,,,,,,
null,,,null,,,0x0800,,,192.168.1.120,,,192.168.1.239,,,6,,,80,,,51694,,,,,,GET,,,192.168.1.120,,,HTTP/1.1,,, /api/config,,,,,,Dalvik/2.1.0 (Linux; U; Android 6.0.1; SM-T810 Build/MMB29K),,
null,,,null,,,0x0800,,,192.168.1.120,,,91.121.58.223,,,6,,,56433,,,80,,,,,,GET,,,developer.invoxia.com,,,HTTP/1.1,,, /update/triby/update.pup?mac=18:B7:9E:02:20:44&machine=triby&board_name=TRIBY_V0&revision=5&sub_revision=4271&version=triby-11.1.4&version_build=64.5a.14&up=743400&hwcap=1:0&feature_tag=&board_flags=c:1,ci:0,vl:0,cv:0,p:1,,,,,,,,
null,,,null,,,0x0800,,,192.168.1.120,,,91.121.58.223,,,6,,,56434,,,80,,,,,,GET,,,developer.invoxia.com,,,HTTP/1.1,,, /update/triby/update.pup?mac=18:B7:9E:02:20:44&machine=triby&board_name=TRIBY_V0&revision=5&sub_revision=4271&version=triby-11.1.4&version_build=64.5a.14&up=743400&hwcap=1:0&feature_tag=&board_flags=c:1,ci:0,vl:0,cv:0,p:1,,,,,,,,
null,,,null,,,0x0800,,,192.168.1.120,,,91.121.58.223,,,6,,,56431,,,80,,,,,,GET,,,developer.invoxia.com,,,HTTP/1.1,,, /update/triby/update.pup?mac=18:B7:9E:02:20:44&machine=triby&board_name=TRIBY_V0&revision=5&sub_revision=4271&version=triby-11.1.4&version_build=64.5a.14&up=743400&hwcap=1:0&feature_tag=&board_flags=c:1,ci:0,vl:0,cv:0,p:1,,,,,,,,
null,,,null,,,0x0800,,,192.168.1.120,,,91.121.58.223,,,6,,,56432,,,80,,,,,,GET,,,developer.invoxia.com,,,HTTP/1.1,,, /update/triby/update.pup?mac=18:B7:9E:02:20:44&machine=triby&board_name=TRIBY_V0&revision=5&sub_revision=4271&version=triby-11.1.4&version_build=64.5a.14&up=743400&hwcap=1:0&feature_tag=&board_flags=c:1,ci:0,vl:0,cv:0,p:1,,,,,,,,
null,,,null,,,0x0800,,,192.168.1.120,,,91.121.58.223,,,6,,,56435,,,80,,,,,,GET,,,developer.invoxia.com,,,HTTP/1.1,,, /update/triby/update.pup?mac=18:B7:9E:02:20:44&machine=triby&board_name=TRIBY_V0&revision=5&sub_revision=4271&version=triby-11.1.4&version_build=64.5a.14&up=743400&hwcap=1:0&feature_tag=&board_flags=c:1,ci:0,vl:0,cv:0,p:1,,,,,,,,
null,,,null,,,0x0800,,,192.168.1.120,,,91.121.58.223,,,6,,,56436,,,80,,,,,,GET,,,developer.invoxia.com,,,HTTP/1.1,,, /update/triby/update.pup?mac=18:B7:9E:02:20:44&machine=triby&board_name=TRIBY_V0&revision=5&sub_revision=4271&version=triby-11.1.4&version_build=64.5a.14&up=743400&hwcap=1:0&feature_tag=&board_flags=c:1,ci:0,vl:0,cv:0,p:1,,,,,,,,
null,,,null,,,0x0800,,,192.168.1.120,,,192.168.1.239,,,6,,,80,,,40956,,,,,,GET,,,192.168.1.120,,,HTTP/1.1,,, /api/config,,,,,,Dalvik/2.1.0 (Linux; U; Android 6.0.1; SM-T810 Build/MMB29K),,
null,,,null,,,0x0800,,,192.168.1.120,,,52.62.218.228,,,6,,,58802,,,80,,,,,,GET,,,icecast.icecast.sbs.com.au,,,HTTP/1.1,,, /SBSRadioOne,,,,,,Lavf/57.2.100,,
null,,,null,,,0x0800,,,192.168.1.120,,,52.62.218.228,,,6,,,58804,,,80,,,,,,GET,,,icecast.icecast.sbs.com.au,,,HTTP/1.1,,, /SBSRadioOne,,,,,,Lavf/57.2.100,,
null,,,null,,,0x0800,,,91.121.58.223,,,192.168.1.120,,,6,,,80,,,55175,,,,,,GET,,,developer.invoxia.com,,,HTTP/1.1,,, /update/triby/update.pup?mac=18:B7:9E:02:20:44&machine=triby&board_name=TRIBY_V0&revision=5&sub_revision=4271&version=triby-10.48.1&version_build=52.3a.e0&up=864073&hwcap=1:0&feature_tag=&board_flags=c:1,ci:0,vl:0,cv:0,p:1,,,,,,,,
null,,,null,,,0x0800,,,91.121.58.223,,,192.168.1.120,,,6,,,80,,,55173,,,,,,GET,,,developer.invoxia.com,,,HTTP/1.1,,, /update/triby/update.pup?mac=18:B7:9E:02:20:44&machine=triby&board_name=TRIBY_V0&revision=5&sub_revision=4271&version=triby-10.48.1&version_build=52.3a.e0&up=777666&hwcap=1:0&feature_tag=&board_flags=c:1,ci:0,vl:0,cv:0,p:1,,,,,,,,
null,,,null,,,0x0800,,,91.121.58.223,,,192.168.1.120,,,6,,,80,,,55179,,,,,,GET,,,developer.invoxia.com,,,HTTP/1.1,,, /update/triby/update.pup?mac=18:B7:9E:02:20:44&machine=triby&board_name=TRIBY_V0&revision=5&sub_revision=4271&version=triby-10.48.1&version_build=52.3a.e0&up=1036886&hwcap=1:0&feature_tag=&board_flags=c:1,ci:0,vl:0,cv:0,p:1,,,,,,,,
null,,,null,,,0x0800,,,91.121.58.223,,,192.168.1.120,,,6,,,80,,,55177,,,,,,GET,,,developer.invoxia.com,,,HTTP/1.1,,, /update/triby/update.pup?mac=18:B7:9E:02:20:44&machine=triby&board_name=TRIBY_V0&revision=5&sub_revision=4271&version=triby-10.48.1&version_build=52.3a.e0&up=950479&hwcap=1:0&feature_tag=&board_flags=c:1,ci:0,vl:0,cv:0,p:1,,,,,,,,
null,,,null,,,0x0800,,,192.168.1.120,,,52.62.218.228,,,6,,,58806,,,80,,,,,,GET,,,icecast.icecast.sbs.com.au,,,HTTP/1.1,,, /SBSRadioOne,,,,,,Lavf/57.2.100,,
null,,,null,,,0x0800,,,192.168.1.120,,,203.5.76.10,,,6,,,40085,,,80,,,,,,GET,,,whatismyip.akamai.com,,,HTTP/1.1,,, /,,,,,,curl/7.50.1-DEV,,
